{"type":"FeatureCollection","features":[{"type":"Feature","properties":{"ST_NM":"Andaman & Nicobar Island"},"geometry":{"type":"MultiPolygon","coordinates":[[[[93.849,7.241],[93.883,7.204],[93.887,7.087],[93.948,7.0],[93.914,7.0],[93.946,6.956],[93.897,6.903],[93.903,6.815],[93.882,6.795],[93.852,6.815],[93.827,6.756],[93.747,6.962],[93.696,7.015],[93.663,7.007],[93.656,7.127],[93.687,7.19],[93.805,7.203],[93.806,7.233],[93.849,7.241]]],[[[93.713,7.444],[93.757,7.358],[93.647,7.244],[93.633,7.372],[93.709,7.394],[93.713,7.444]]],[[[93.383,8.023],[93.409,8.008],[93.396,7.969],[93.462,7.936],[93.462,7.873],[93.423,7.908],[93.358,7.889],[93.357,7.942],[93.32,7.931],[93.329,8.005],[93.383,8.023]]],[[[93.548,8.026],[93.582,7.993],[93.577,7.929],[93.508,7.985],[93.531,8.025],[93.551,7.996],[93.548,8.026]]],[[[93.526,8.232],[93.545,8.199],[93.503,8.148],[93.55,8.036],[93.508,8.034],[93.5,7.998],[93.486,8.046],[93.509,8.037],[93.531,8.079],[93.485,8.053],[93.454,8.169],[93.526,8.232]]],[[[93.127,8.356],[93.126,8.276],[93.199,8.195],[93.088,8.268],[93.095,8.339],[93.127,8.356]]],[[[93.614,8.575],[93.642,8.47],[93.623,8.423],[93.614,8.575]]],[[[92.795,9.239],[92.83,9.138],[92.733,9.123],[92.723,9.217],[92.77,9.218],[92.776,9.257],[92.795,9.239]]],[[[92.518,10.897],[92.587,10.788],[92.597,10.679],[92.54,10.615],[92.569,10.578],[92.515,10.512],[92.429,10.549],[92.388,10.531],[92.421,10.616],[92.383,10.667],[92.377,10.783],[92.518,10.897]]],[[[92.642,11.51],[92.686,11.436],[92.649,11.407],[92.691,11.371],[92.6,11.347],[92.587,11.401],[92.623,11.405],[92.611,11.46],[92.642,11.51]]],[[[92.23,11.588],[92.271,11.584],[92.262,11.518],[92.214,11.53],[92.208,11.586],[92.23,11.588]]],[[[92.541,11.603],[92.57,11.588],[92.53,11.555],[92.541,11.603]]],[[[93.032,11.837],[93.072,11.839],[93.051,11.813],[93.013,11.85],[93.032,11.837]]],[[[92.975,12.043],[93.01,12.017],[93.045,11.884],[92.925,11.998],[92.975,12.043]]],[[[92.991,12.109],[92.994,12.044],[92.961,12.076],[92.96,12.108],[92.991,12.109]]],[[[93.029,12.166],[93.046,12.046],[93.0,12.108],[93.029,12.166]]],[[[93.074,12.21],[93.078,12.084],[93.037,12.132],[93.074,12.21]]],[[[92.697,12.24],[92.703,12.165],[92.758,12.178],[92.735,12.074],[92.783,12.045],[92.763,12.021],[92.738,12.042],[92.769,11.999],[92.728,11.995],[92.725,11.851],[92.681,11.799],[92.719,11.826],[92.747,11.933],[92.785,11.937],[92.789,11.884],[92.755,11.702],[92.702,11.708],[92.709,11.67],[92.665,11.654],[92.696,11.622],[92.722,11.69],[92.757,11.666],[92.712,11.478],[92.646,11.523],[92.646,11.573],[92.617,11.563],[92.609,11.622],[92.645,11.637],[92.608,11.634],[92.589,11.725],[92.562,11.694],[92.547,11.835],[92.514,11.847],[92.562,11.947],[92.606,11.858],[92.625,12.107],[92.697,12.24]]],[[[92.731,12.242],[92.733,12.211],[92.763,12.23],[92.764,12.182],[92.721,12.19],[92.731,12.242]]],[[[92.901,12.255],[92.913,12.223],[92.878,12.21],[92.871,12.246],[92.901,12.255]]],[[[93.079,12.26],[93.087,12.237],[93.106,12.26],[93.101,12.204],[93.063,12.23],[93.079,12.26]]],[[[92.934,12.308],[92.922,12.231],[92.902,12.29],[92.928,12.281],[92.934,12.308]]],[[[92.826,12.304],[92.887,12.287],[92.859,12.247],[92.882,12.198],[92.846,12.2],[92.851,12.157],[92.822,12.165],[92.813,12.108],[92.764,12.064],[92.739,12.099],[92.771,12.232],[92.743,12.251],[92.782,12.285],[92.771,12.313],[92.826,12.304]]],[[[92.86,12.407],[92.889,12.408],[92.884,12.374],[92.86,12.407]]],[[[92.899,12.916],[92.922,12.913],[92.904,12.886],[92.954,12.808],[92.934,12.773],[92.98,12.711],[92.949,12.629],[92.968,12.496],[92.93,12.48],[92.959,12.473],[92.914,12.443],[92.915,12.406],[92.856,12.457],[92.899,12.416],[92.808,12.437],[92.895,12.32],[92.72,12.3],[92.696,12.391],[92.708,12.595],[92.685,12.611],[92.752,12.671],[92.781,12.635],[92.789,12.675],[92.785,12.698],[92.733,12.674],[92.723,12.826],[92.739,12.811],[92.802,12.897],[92.845,12.875],[92.899,12.916]]],[[[92.696,12.992],[92.721,12.976],[92.72,12.874],[92.668,12.783],[92.648,12.862],[92.696,12.992]]],[[[93.006,12.997],[92.983,12.935],[92.953,12.94],[92.974,12.946],[92.959,12.989],[92.973,12.97],[93.006,12.997]]],[[[94.271,13.443],[94.246,13.443],[94.276,13.469],[94.271,13.443]]],[[[93.03,13.571],[93.016,13.433],[93.07,13.404],[93.025,13.373],[93.055,13.383],[93.09,13.335],[93.065,13.304],[93.042,13.368],[92.988,13.329],[92.97,13.361],[92.95,13.344],[92.992,13.292],[93.01,13.32],[93.013,13.276],[93.066,13.272],[93.035,13.083],[93.003,13.029],[92.965,13.037],[92.975,13.013],[92.936,13.04],[92.936,13.087],[92.925,13.057],[92.904,13.08],[92.888,13.045],[92.916,13.055],[92.907,13.003],[92.939,12.972],[92.911,12.947],[92.908,12.985],[92.883,12.984],[92.855,12.94],[92.873,12.883],[92.842,12.876],[92.794,12.914],[92.794,12.985],[92.825,13.014],[92.788,13.017],[92.81,13.127],[92.848,13.14],[92.81,13.153],[92.836,13.175],[92.828,13.238],[92.854,13.236],[92.822,13.277],[92.836,13.367],[92.867,13.382],[92.842,13.4],[92.884,13.429],[92.872,13.472],[92.93,13.502],[92.917,13.536],[92.99,13.527],[92.988,13.573],[93.01,13.542],[93.03,13.571]]],[[[93.017,13.675],[93.027,13.627],[92.977,13.654],[93.017,13.675]]]]}},{"type":"Feature","properties":{"ST_NM":"Andhra Pradesh"},"geometry":{"type":"MultiPolygon","coordinates":[[[[81.394,16.334],[81.271,16.279],[81.27,16.313],[81.394,16.334]]],[[[84.68,19.166],[84.769,19.08],[84.598,18.875],[84.557,18.874],[84.583,18.857],[84.554,18.783],[84.411,18.666],[84.443,18.659],[84.359,18.565],[84.314,18.56],[84.276,18.51],[84.349,18.548],[84.137,18.351],[83.993,18.358],[84.059,18.325],[84.12,18.339],[84.118,18.301],[83.556,18.019],[83.554,17.963],[83.446,17.92],[83.453,17.88],[83.404,17.844],[83.416,17.807],[83.344,17.718],[83.241,17.625],[83.198,17.638],[83.231,17.616],[83.219,17.591],[82.579,17.268],[82.302,17.026],[82.249,16.891],[82.316,16.84],[82.352,16.849],[82.363,16.818],[82.366,16.928],[82.337,16.983],[82.376,16.843],[82.35,16.721],[82.32,16.725],[82.34,16.689],[82.368,16.702],[82.324,16.652],[82.332,16.58],[82.32,16.626],[82.29,16.62],[82.298,16.57],[82.263,16.558],[82.313,16.555],[82.149,16.487],[82.2,16.558],[82.18,16.561],[82.141,16.484],[81.968,16.396],[81.966,16.438],[81.945,16.394],[81.726,16.307],[81.725,16.356],[81.709,16.303],[81.573,16.348],[81.55,16.39],[81.531,16.351],[81.403,16.337],[81.41,16.381],[81.313,16.36],[81.246,16.304],[81.266,16.286],[81.241,16.261],[81.266,16.267],[81.212,16.205],[81.153,15.975],[81.084,16.002],[81.141,15.962],[80.999,15.833],[81.009,15.764],[80.94,15.807],[80.989,15.76],[80.938,15.729],[80.863,15.822],[80.917,15.731],[80.839,15.707],[80.804,15.716],[80.808,15.836],[80.756,15.88],[80.498,15.857],[80.522,15.848],[80.36,15.764],[80.277,15.682],[80.222,15.545],[80.177,15.573],[80.136,15.559],[80.186,15.56],[80.213,15.527],[80.184,15.49],[80.21,15.495],[80.103,15.334],[80.084,15.195],[80.03,15.209],[80.074,15.182],[80.046,15.05],[80.093,14.833],[80.075,14.814],[80.184,14.59],[80.093,14.534],[80.195,14.564],[80.173,14.347],[80.124,14.242],[80.143,14.021],[80.248,13.797],[80.237,13.656],[80.27,13.563],[80.242,13.468],[80.126,13.507],[80.08,13.491],[80.082,13.551],[80.002,13.54],[80.049,13.498],[79.974,13.464],[79.938,13.349],[79.734,13.285],[79.798,13.236],[79.757,13.208],[79.735,13.235],[79.701,13.22],[79.681,13.294],[79.593,13.258],[79.548,13.323],[79.413,13.328],[79.387,13.315],[79.437,13.293],[79.423,13.224],[79.458,13.229],[79.436,13.2],[79.36,13.175],[79.367,13.142],[79.32,13.109],[79.28,13.153],[79.23,13.147],[79.165,13.019],[79.081,13.026],[78.994,13.088],[78.926,13.079],[78.905,13.046],[78.937,13.03],[78.894,13.031],[78.882,13.098],[78.714,13.067],[78.705,13.015],[78.663,13.029],[78.625,12.99],[78.658,12.93],[78.557,12.755],[78.559,12.696],[78.496,12.745],[78.522,12.71],[78.469,12.673],[78.467,12.623],[78.38,12.622],[78.276,12.702],[78.201,12.691],[78.24,12.73],[78.252,12.857],[78.314,12.857],[78.356,12.938],[78.389,12.905],[78.447,12.911],[78.466,12.864],[78.467,12.903],[78.412,12.943],[78.434,12.979],[78.469,12.974],[78.463,13.042],[78.516,13.063],[78.539,13.108],[78.52,13.13],[78.58,13.167],[78.552,13.198],[78.587,13.277],[78.566,13.31],[78.532,13.266],[78.482,13.318],[78.377,13.33],[78.408,13.342],[78.365,13.365],[78.401,13.588],[78.237,13.596],[78.193,13.565],[78.203,13.625],[78.165,13.658],[78.09,13.644],[78.067,13.676],[78.115,13.693],[78.094,13.742],[78.127,13.786],[78.115,13.862],[78.05,13.895],[78.047,13.861],[77.994,13.87],[77.953,13.828],[77.987,13.956],[77.92,13.905],[77.895,13.939],[77.826,13.943],[77.836,13.869],[77.721,13.798],[77.717,13.741],[77.657,13.784],[77.618,13.763],[77.642,13.741],[77.564,13.724],[77.527,13.751],[77.529,13.696],[77.495,13.714],[77.457,13.683],[77.465,13.804],[77.416,13.807],[77.432,13.842],[77.257,13.847],[77.24,13.902],[77.185,13.867],[77.183,13.924],[77.169,13.864],[77.13,13.856],[77.169,13.828],[77.173,13.762],[77.066,13.746],[77.033,13.778],[76.999,13.749],[76.974,13.821],[77.042,13.932],[76.937,14.029],[76.981,14.072],[76.932,14.133],[76.889,14.137],[76.897,14.165],[76.947,14.195],[77.025,14.179],[77.029,14.06],[77.127,14.049],[77.154,13.998],[77.32,14.032],[77.361,13.989],[77.35,13.913],[77.399,13.887],[77.433,13.909],[77.415,13.943],[77.438,13.976],[77.383,13.976],[77.39,14.014],[77.333,14.03],[77.402,14.11],[77.351,14.103],[77.354,14.131],[77.396,14.172],[77.507,14.158],[77.517,14.179],[77.503,14.279],[77.45,14.284],[77.449,14.317],[77.401,14.336],[77.381,14.302],[77.422,14.21],[77.398,14.198],[77.366,14.276],[77.286,14.283],[77.287,14.338],[77.238,14.318],[77.141,14.34],[77.101,14.216],[77.055,14.246],[76.949,14.242],[76.93,14.278],[76.955,14.3],[76.884,14.352],[76.888,14.396],[76.947,14.405],[76.978,14.484],[76.875,14.474],[76.765,14.602],[76.802,14.74],[76.784,14.785],[76.853,14.809],[76.87,14.943],[76.869,14.969],[76.768,14.975],[76.778,15.076],[76.801,15.096],[76.881,15.034],[77.052,15.035],[77.046,15.011],[77.084,15.005],[77.159,15.126],[77.137,15.148],[77.163,15.154],[77.163,15.199],[77.126,15.227],[77.169,15.264],[77.114,15.332],[77.066,15.327],[77.032,15.44],[76.974,15.496],[77.031,15.505],[77.033,15.639],[77.125,15.642],[77.047,15.739],[77.068,15.828],[77.026,15.836],[77.081,15.914],[77.253,15.962],[77.805,15.871],[77.882,15.902],[78.008,15.865],[78.042,15.908],[78.07,15.85],[78.116,15.833],[78.245,15.935],[78.263,16.037],[78.323,16.035],[78.412,16.087],[78.566,16.063],[78.624,16.105],[78.721,16.033],[78.783,16.03],[78.844,16.094],[78.845,16.163],[78.918,16.112],[78.913,16.189],[78.949,16.217],[79.039,16.253],[79.185,16.224],[79.227,16.247],[79.233,16.515],[79.274,16.568],[79.435,16.589],[79.783,16.737],[79.819,16.698],[79.87,16.706],[79.911,16.645],[79.967,16.65],[80.078,16.821],[80.0,16.871],[80.018,16.915],[80.054,16.973],[80.142,16.993],[80.19,17.052],[80.21,17.021],[80.271,17.018],[80.382,16.819],[80.408,16.858],[80.465,16.798],[80.572,16.771],[80.613,16.796],[80.563,16.833],[80.593,16.935],[80.5,16.956],[80.497,16.925],[80.367,16.978],[80.396,17.015],[80.383,17.071],[80.404,17.085],[80.455,17.025],[80.505,17.116],[80.569,17.146],[80.665,17.096],[80.648,17.063],[80.735,17.073],[80.841,17.034],[80.879,17.154],[80.922,17.154],[80.914,17.209],[81.0,17.188],[81.172,17.241],[81.19,17.331],[81.276,17.328],[81.339,17.401],[81.425,17.37],[81.502,17.457],[81.533,17.581],[81.512,17.598],[81.585,17.734],[81.791,17.84],[81.767,17.901],[81.81,17.944],[81.96,18.0],[82.033,18.066],[82.169,18.052],[82.25,17.988],[82.276,17.995],[82.275,18.057],[82.345,18.056],[82.342,18.151],[82.374,18.148],[82.315,18.204],[82.401,18.315],[82.343,18.325],[82.393,18.377],[82.37,18.418],[82.482,18.545],[82.531,18.512],[82.538,18.442],[82.562,18.446],[82.543,18.398],[82.609,18.377],[82.589,18.278],[82.64,18.237],[82.667,18.295],[82.775,18.34],[82.807,18.448],[82.893,18.421],[82.911,18.365],[83.062,18.384],[83.068,18.437],[83.024,18.453],[83.097,18.546],[83.041,18.556],[83.058,18.622],[83.084,18.612],[83.092,18.664],[83.213,18.724],[83.227,18.774],[83.274,18.765],[83.419,18.865],[83.358,18.924],[83.388,18.93],[83.367,18.963],[83.33,18.931],[83.313,18.997],[83.417,19.004],[83.463,18.954],[83.456,19.008],[83.486,19.029],[83.467,19.077],[83.513,19.073],[83.503,19.019],[83.539,19.013],[83.554,19.082],[83.586,19.058],[83.631,19.161],[83.731,19.02],[83.713,18.993],[83.754,18.927],[83.788,18.916],[83.747,18.987],[83.795,19.017],[83.878,18.827],[84.035,18.811],[84.099,18.754],[84.34,18.801],[84.343,18.876],[84.37,18.86],[84.359,18.892],[84.391,18.878],[84.373,18.905],[84.437,18.923],[84.422,19.023],[84.479,18.99],[84.573,19.074],[84.597,19.022],[84.62,19.064],[84.672,19.075],[84.627,19.085],[84.599,19.133],[84.668,19.131],[84.68,19.166]],[[82.206,16.747],[82.189,16.727],[82.263,16.701],[82.312,16.734],[82.206,16.747]]]]}},{"type":"Feature","properties":{"ST_NM":"Arunanchal Pradesh"},"geometry":{"type":"Polygon","coordinates":[[[96.163,29.381],[96.248,29.232],[96.368,29.283],[96.397,29.253],[96.35,29.168],[96.264,29.157],[96.19,29.091],[96.119,29.074],[96.189,28.985],[96.149,28.934],[96.17,28.902],[96.35,29.029],[96.529,29.075],[96.481,28.99],[96.491,28.961],[96.522,28.967],[96.541,28.88],[96.619,28.774],[96.589,28.717],[96.475,28.683],[96.497,28.633],[96.328,28.529],[96.375,28.482],[96.266,28.408],[96.373,28.389],[96.401,28.339],[96.46,28.414],[96.666,28.46],[96.784,28.364],[96.9,28.379],[96.998,28.309],[97.094,28.362],[97.175,28.291],[97.283,28.268],[97.401,28.192],[97.331,28.154],[97.308,28.077],[97.415,28.015],[97.378,27.977],[97.389,27.887],[97.321,27.88],[97.309,27.921],[97.247,27.895],[97.098,27.78],[97.096,27.741],[97.028,27.74],[96.991,27.662],[96.949,27.663],[96.897,27.612],[96.937,27.521],[96.911,27.453],[97.166,27.145],[97.145,27.092],[96.865,27.19],[96.888,27.254],[96.802,27.345],[96.62,27.364],[96.522,27.285],[96.311,27.294],[96.099,27.224],[96.036,27.189],[95.946,27.052],[95.808,27.013],[95.73,26.88],[95.673,26.903],[95.611,26.814],[95.532,26.824],[95.423,26.69],[95.302,26.649],[95.237,26.68],[95.216,26.729],[95.245,26.781],[95.185,26.859],[95.234,26.885],[95.196,27.037],[95.249,27.024],[95.349,27.099],[95.458,27.129],[95.46,27.207],[95.517,27.263],[95.59,27.223],[95.806,27.285],[95.894,27.256],[96.021,27.364],[95.978,27.429],[95.917,27.436],[95.893,27.399],[95.889,27.437],[95.85,27.424],[95.882,27.547],[95.788,27.617],[95.794,27.686],[95.759,27.725],[95.979,27.963],[95.609,27.953],[95.518,27.877],[95.386,27.837],[95.318,27.867],[94.868,27.742],[94.841,27.7],[94.462,27.554],[94.433,27.6],[94.37,27.573],[94.278,27.59],[94.255,27.638],[94.214,27.608],[94.265,27.524],[94.159,27.475],[93.811,27.149],[93.83,27.066],[93.776,27.059],[93.678,26.968],[93.491,26.936],[93.35,26.961],[93.022,26.915],[92.875,27.006],[92.662,27.037],[92.648,26.986],[92.588,26.96],[92.111,26.893],[92.107,27.007],[92.037,27.064],[92.027,27.161],[92.074,27.223],[92.044,27.266],[92.125,27.287],[92.063,27.326],[92.023,27.479],[91.778,27.464],[91.695,27.502],[91.658,27.482],[91.567,27.584],[91.563,27.633],[91.645,27.765],[91.558,27.858],[91.675,27.856],[91.763,27.801],[91.829,27.81],[91.866,27.736],[91.924,27.715],[91.989,27.769],[92.06,27.758],[92.239,27.862],[92.312,27.778],[92.403,27.82],[92.46,27.802],[92.506,27.841],[92.565,27.82],[92.744,27.988],[92.666,28.067],[92.692,28.125],[92.805,28.201],[92.833,28.171],[92.9,28.204],[92.961,28.258],[93.005,28.23],[93.037,28.303],[93.224,28.333],[93.237,28.4],[93.188,28.439],[93.281,28.504],[93.342,28.64],[93.451,28.675],[93.48,28.653],[93.497,28.683],[93.539,28.658],[93.737,28.688],[93.78,28.668],[93.849,28.706],[93.931,28.671],[94.007,28.775],[94.0,28.841],[94.161,28.954],[94.22,29.084],[94.294,29.148],[94.363,29.152],[94.437,29.226],[94.564,29.228],[94.634,29.348],[94.772,29.252],[94.803,29.164],[94.877,29.183],[95.028,29.129],[95.003,29.172],[95.127,29.115],[95.256,29.108],[95.272,29.048],[95.415,29.032],[95.488,29.069],[95.501,29.138],[95.551,29.127],[95.543,29.212],[95.591,29.216],[95.604,29.26],[95.643,29.248],[95.783,29.355],[95.802,29.334],[95.886,29.39],[95.962,29.381],[96.086,29.461],[96.163,29.381]]]}},{"type":"Feature","properties":{"ST_NM":"Assam"},"geometry":{"type":"MultiPolygon","coordinates":[[[[95.967,27.947],[95.759,27.725],[95.794,27.686],[95.788,27.617],[95.882,27.547],[95.85,27.424],[95.889,27.437],[95.893,27.399],[95.917,27.436],[95.978,27.429],[96.021,27.364],[95.894,27.256],[95.806,27.285],[95.59,27.223],[95.517,27.263],[95.46,27.207],[95.458,27.129],[95.349,27.099],[95.249,27.024],[95.199,27.039],[95.022,26.92],[94.895,26.932],[94.757,26.767],[94.659,26.72],[94.6,26.733],[94.575,26.686],[94.541,26.705],[94.465,26.663],[94.463,26.631],[94.408,26.61],[94.4,26.528],[94.317,26.458],[94.277,26.554],[94.187,26.456],[94.176,26.34],[94.108,26.322],[94.005,26.169],[93.955,26.003],[93.979,25.915],[93.796,25.81],[93.773,25.962],[93.688,25.905],[93.706,25.845],[93.573,25.757],[93.5,25.653],[93.333,25.545],[93.39,25.465],[93.462,25.431],[93.474,25.305],[93.388,25.242],[93.335,25.092],[93.248,25.015],[93.262,24.948],[93.197,24.808],[93.152,24.786],[93.109,24.806],[93.075,24.707],[93.104,24.676],[93.075,24.593],[93.106,24.58],[93.06,24.572],[93.038,24.408],[92.911,24.41],[92.828,24.375],[92.765,24.518],[92.69,24.352],[92.626,24.332],[92.613,24.253],[92.55,24.244],[92.531,24.175],[92.466,24.133],[92.419,24.192],[92.422,24.251],[92.213,24.248],[92.273,24.378],[92.229,24.47],[92.226,24.68],[92.264,24.708],[92.283,24.787],[92.237,24.861],[92.244,24.904],[92.308,24.916],[92.396,24.855],[92.498,24.868],[92.489,24.942],[92.42,24.98],[92.485,25.106],[92.543,25.097],[92.525,25.138],[92.625,25.116],[92.667,25.175],[92.805,25.217],[92.765,25.247],[92.785,25.33],[92.655,25.433],[92.61,25.414],[92.599,25.469],[92.568,25.465],[92.646,25.535],[92.659,25.587],[92.573,25.558],[92.559,25.61],[92.503,25.621],[92.433,25.689],[92.435,25.729],[92.387,25.752],[92.162,25.67],[92.155,25.811],[92.227,25.905],[92.166,25.91],[92.158,25.943],[92.304,26.075],[92.18,26.078],[91.924,25.998],[91.873,26.051],[91.878,26.096],[91.822,26.118],[91.734,26.058],[91.723,25.953],[91.672,25.904],[91.614,25.939],[91.635,26.021],[91.579,26.032],[91.477,25.87],[91.528,25.872],[91.336,25.838],[91.278,25.746],[91.227,25.723],[91.195,25.729],[91.183,25.776],[91.199,25.858],[91.009,25.82],[91.032,25.887],[90.971,25.887],[90.946,25.947],[90.922,25.913],[90.886,25.951],[90.813,25.952],[90.772,25.908],[90.744,25.915],[90.751,25.957],[90.69,25.95],[90.618,25.899],[90.633,25.937],[90.586,25.96],[90.516,25.896],[90.538,25.958],[90.481,26.015],[90.432,25.989],[90.369,26.01],[90.187,25.944],[90.123,25.961],[90.009,25.879],[90.006,25.842],[89.949,25.825],[89.938,25.745],[89.9,25.744],[90.022,25.608],[89.878,25.549],[89.856,25.477],[89.883,25.621],[89.819,25.817],[89.888,25.938],[89.831,25.947],[89.872,25.976],[89.835,26.007],[89.819,25.989],[89.813,26.038],[89.792,26.017],[89.797,26.088],[89.7,26.189],[89.737,26.212],[89.702,26.216],[89.734,26.238],[89.71,26.27],[89.742,26.271],[89.723,26.306],[89.764,26.289],[89.787,26.353],[89.862,26.384],[89.832,26.396],[89.875,26.448],[89.868,26.737],[90.12,26.745],[90.194,26.77],[90.22,26.854],[90.307,26.848],[90.415,26.902],[90.565,26.801],[90.717,26.767],[91.058,26.779],[91.101,26.819],[91.34,26.779],[91.412,26.835],[91.497,26.789],[91.628,26.82],[91.691,26.804],[91.806,26.851],[91.861,26.913],[92.059,26.847],[92.111,26.893],[92.588,26.96],[92.648,26.986],[92.662,27.037],[92.875,27.006],[93.022,26.915],[93.35,26.961],[93.491,26.936],[93.657,26.963],[93.776,27.059],[93.83,27.066],[93.811,27.149],[94.159,27.475],[94.262,27.52],[94.214,27.608],[94.255,27.638],[94.278,27.59],[94.37,27.573],[94.433,27.6],[94.462,27.554],[94.841,27.7],[94.868,27.742],[95.318,27.867],[95.386,27.837],[95.518,27.877],[95.609,27.953],[95.827,27.972],[95.979,27.963],[95.967,27.947]]]]}},{"type":"Feature","properties":{"ST_NM":"Bihar"},"geometry":{"type":"MultiPolygon","coordinates":[[[[84.124,27.512],[84.154,27.519],[84.218,27.44],[84.255,27.45],[84.294,27.385],[84.626,27.337],[84.691,27.223],[84.646,27.047],[84.763,27.0],[84.829,27.021],[84.962,26.963],[84.971,26.92],[85.059,26.885],[85.034,26.853],[85.196,26.869],[85.179,26.815],[85.213,26.758],[85.337,26.741],[85.637,26.872],[85.736,26.795],[85.737,26.65],[85.852,26.608],[85.852,26.568],[85.96,26.652],[86.034,26.667],[86.222,26.59],[86.346,26.617],[86.735,26.424],[86.773,26.458],[86.843,26.44],[86.897,26.462],[86.896,26.487],[87.072,26.586],[87.092,26.452],[87.164,26.404],[87.262,26.411],[87.267,26.374],[87.341,26.348],[87.37,26.407],[87.463,26.44],[87.609,26.381],[87.679,26.436],[87.767,26.409],[87.789,26.468],[87.851,26.436],[87.891,26.486],[87.929,26.419],[88.031,26.355],[88.103,26.446],[88.105,26.533],[88.152,26.511],[88.238,26.552],[88.186,26.49],[88.274,26.422],[88.236,26.39],[88.28,26.377],[88.286,26.335],[88.019,26.141],[87.971,26.152],[87.979,26.085],[87.938,26.069],[87.919,26.091],[87.849,26.044],[87.836,25.936],[87.81,25.921],[87.829,25.872],[87.917,25.852],[87.89,25.829],[87.917,25.815],[87.905,25.77],[88.055,25.691],[88.027,25.587],[88.076,25.481],[87.932,25.537],[87.825,25.438],[87.787,25.445],[87.765,25.405],[87.787,25.339],[87.861,25.29],[87.828,25.235],[87.842,25.2],[87.586,25.349],[87.546,25.282],[87.488,25.296],[87.478,25.195],[87.33,25.224],[87.297,25.09],[87.217,25.09],[87.15,25.019],[87.164,24.886],[87.083,24.819],[87.103,24.802],[87.056,24.608],[86.936,24.644],[86.904,24.587],[86.917,24.54],[86.806,24.566],[86.783,24.621],[86.675,24.562],[86.609,24.606],[86.512,24.519],[86.458,24.37],[86.286,24.463],[86.329,24.585],[86.271,24.577],[86.224,24.612],[86.172,24.584],[86.132,24.612],[86.131,24.706],[86.093,24.747],[86.044,24.744],[86.057,24.78],[85.957,24.732],[85.885,24.801],[85.744,24.823],[85.704,24.714],[85.656,24.687],[85.672,24.582],[85.584,24.603],[85.525,24.525],[85.501,24.551],[85.295,24.529],[85.289,24.497],[85.158,24.463],[85.176,24.43],[85.097,24.379],[85.073,24.387],[85.083,24.44],[84.976,24.376],[84.905,24.372],[84.887,24.463],[84.842,24.452],[84.84,24.511],[84.803,24.529],[84.686,24.456],[84.666,24.394],[84.58,24.412],[84.529,24.376],[84.501,24.287],[84.508,24.332],[84.425,24.331],[84.43,24.359],[84.343,24.395],[84.301,24.45],[84.334,24.502],[84.305,24.563],[84.265,24.53],[84.196,24.555],[84.187,24.51],[84.154,24.54],[84.117,24.481],[84.054,24.611],[84.01,24.635],[83.936,24.547],[83.876,24.532],[83.725,24.504],[83.506,24.526],[83.55,24.623],[83.505,24.65],[83.522,24.68],[83.49,24.734],[83.395,24.783],[83.352,25.009],[83.326,25.015],[83.366,25.122],[83.358,25.197],[83.548,25.316],[83.651,25.339],[83.703,25.394],[83.77,25.386],[83.847,25.435],[83.819,25.464],[83.86,25.472],[83.925,25.557],[84.085,25.636],[84.103,25.718],[84.157,25.729],[84.211,25.668],[84.294,25.66],[84.327,25.67],[84.34,25.743],[84.388,25.747],[84.41,25.698],[84.457,25.713],[84.497,25.676],[84.533,25.683],[84.544,25.725],[84.561,25.682],[84.564,25.735],[84.639,25.727],[84.609,25.759],[84.629,25.792],[84.535,25.833],[84.537,25.876],[84.436,25.889],[84.357,25.958],[84.305,25.945],[84.223,25.994],[84.175,25.989],[84.125,26.073],[84.058,26.097],[84.014,26.232],[84.088,26.219],[84.122,26.26],[84.166,26.242],[84.18,26.372],[84.081,26.382],[84.02,26.446],[83.911,26.448],[83.911,26.515],[84.057,26.541],[84.091,26.64],[84.281,26.597],[84.424,26.625],[84.411,26.669],[84.335,26.682],[84.307,26.751],[84.243,26.737],[84.251,26.86],[84.178,26.832],[84.141,26.853],[84.15,26.885],[84.062,26.889],[84.035,26.94],[84.051,27.042],[84.001,27.066],[84.031,27.092],[83.949,27.09],[83.995,27.179],[83.908,27.256],[83.934,27.313],[83.839,27.319],[83.886,27.371],[83.845,27.442],[84.03,27.436],[84.124,27.512]]]]}},{"type":"Feature","properties":{"ST_NM":"Chandigarh"},"geometry":{"type":"Polygon","coordinates":[[[76.841,30.76],[76.85,30.71],[76.807,30.665],[76.704,30.743],[76.773,30.795],[76.841,30.76]]]}},{"type":"Feature","properties":{"ST_NM":"Chhattisgarh"},"geometry":{"type":"Polygon","coordinates":[[[83.335,24.099],[83.433,24.083],[83.455,24.042],[83.514,24.028],[83.55,23.898],[83.584,23.884],[83.569,23.863],[83.703,23.821],[83.737,23.755],[83.722,23.683],[83.782,23.6],[83.943,23.563],[83.945,23.623],[84.014,23.633],[84.03,23.545],[83.977,23.456],[83.973,23.382],[84.014,23.354],[84.051,23.375],[84.077,23.331],[84.041,23.14],[84.136,23.083],[84.155,22.965],[84.197,23.025],[84.224,22.978],[84.377,22.977],[84.383,22.875],[84.336,22.861],[84.292,22.765],[84.232,22.737],[84.228,22.671],[84.087,22.638],[84.012,22.571],[83.983,22.504],[84.049,22.466],[84.011,22.37],[83.868,22.346],[83.76,22.245],[83.7,22.248],[83.626,22.199],[83.564,22.102],[83.607,22.068],[83.54,22.036],[83.542,21.966],[83.608,21.913],[83.592,21.846],[83.538,21.835],[83.544,21.797],[83.498,21.817],[83.474,21.785],[83.491,21.744],[83.427,21.678],[83.492,21.629],[83.46,21.608],[83.448,21.652],[83.388,21.616],[83.343,21.503],[83.41,21.352],[83.277,21.378],[83.282,21.289],[83.226,21.264],[83.197,21.139],[83.127,21.105],[82.963,21.179],[82.796,21.142],[82.653,21.155],[82.63,21.04],[82.493,20.907],[82.466,20.827],[82.354,20.887],[82.343,20.762],[82.376,20.628],[82.331,20.558],[82.437,20.43],[82.401,20.34],[82.437,20.287],[82.386,20.149],[82.398,20.064],[82.606,19.991],[82.715,19.995],[82.719,19.854],[82.593,19.776],[82.601,19.87],[82.447,19.908],[82.347,19.835],[82.238,20.003],[82.186,19.983],[82.065,20.054],[82.032,20.014],[81.952,20.106],[81.881,20.05],[81.857,19.912],[81.968,19.859],[81.988,19.8],[82.067,19.788],[82.03,19.507],[82.1,19.515],[82.127,19.429],[82.191,19.423],[82.149,19.371],[82.191,19.326],[82.159,19.264],[82.187,19.165],[82.168,19.133],[82.22,19.097],[82.202,19.067],[82.248,18.917],[82.181,18.902],[82.169,18.798],[82.09,18.763],[82.087,18.719],[81.972,18.695],[81.956,18.636],[81.894,18.657],[81.963,18.594],[81.955,18.566],[81.917,18.571],[81.866,18.52],[81.77,18.418],[81.753,18.353],[81.661,18.344],[81.667,18.318],[81.536,18.266],[81.486,17.978],[81.449,17.887],[81.402,17.893],[81.393,17.811],[81.168,17.86],[81.046,17.793],[80.952,18.088],[80.982,18.175],[80.87,18.139],[80.876,18.213],[80.838,18.24],[80.806,18.172],[80.743,18.178],[80.741,18.225],[80.796,18.26],[80.752,18.308],[80.734,18.415],[80.496,18.632],[80.346,18.593],[80.247,18.757],[80.354,18.815],[80.271,18.945],[80.332,19.145],[80.394,19.193],[80.391,19.243],[80.575,19.405],[80.617,19.311],[80.679,19.33],[80.696,19.288],[80.757,19.291],[80.852,19.365],[80.795,19.431],[80.899,19.47],[80.835,19.566],[80.664,19.616],[80.673,19.696],[80.547,19.778],[80.55,19.822],[80.476,19.827],[80.485,19.775],[80.402,19.797],[80.505,19.872],[80.49,19.902],[80.41,19.912],[80.413,19.935],[80.451,19.955],[80.527,19.934],[80.553,20.068],[80.505,20.141],[80.401,20.146],[80.421,20.192],[80.39,20.244],[80.518,20.272],[80.625,20.336],[80.593,20.403],[80.629,20.606],[80.526,20.586],[80.488,20.619],[80.587,20.685],[80.552,20.767],[80.549,20.935],[80.466,20.929],[80.431,21.01],[80.462,21.17],[80.612,21.229],[80.68,21.299],[80.663,21.331],[80.737,21.473],[80.725,21.712],[80.747,21.757],[80.818,21.748],[80.848,21.856],[80.825,21.957],[80.853,21.961],[80.913,22.114],[80.958,22.113],[80.986,22.048],[81.011,22.07],[80.979,22.121],[81.023,22.132],[81.027,22.229],[81.092,22.246],[81.121,22.294],[81.117,22.441],[81.187,22.49],[81.226,22.451],[81.283,22.499],[81.311,22.481],[81.33,22.524],[81.386,22.505],[81.404,22.441],[81.526,22.54],[81.623,22.539],[81.664,22.632],[81.73,22.676],[81.748,22.648],[81.77,22.663],[81.777,22.873],[81.864,22.89],[81.948,22.957],[81.945,23.076],[82.036,23.081],[82.075,23.116],[82.123,23.103],[82.159,23.141],[82.15,23.227],[82.194,23.277],[82.193,23.325],[82.118,23.355],[82.106,23.397],[82.053,23.377],[82.022,23.387],[82.024,23.422],[81.986,23.41],[81.924,23.531],[81.835,23.51],[81.744,23.566],[81.639,23.49],[81.615,23.505],[81.577,23.587],[81.695,23.72],[81.606,23.852],[81.618,23.905],[81.669,23.924],[81.727,23.839],[81.79,23.81],[81.924,23.871],[82.008,23.861],[82.053,23.819],[82.173,23.819],[82.212,23.852],[82.237,23.805],[82.471,23.81],[82.524,23.783],[82.552,23.793],[82.535,23.823],[82.66,23.855],[82.664,23.907],[82.806,23.961],[82.957,23.872],[83.135,23.889],[83.198,23.921],[83.224,23.989],[83.335,24.099]]]}},{"type":"Feature","properties":{"ST_NM":"Dadara & Nagar Havelli"},"geometry":{"type":"Polygon","coordinates":[[[73.207,20.122],[73.176,20.053],[73.05,20.099],[73.042,20.068],[73.0,20.141],[72.983,20.114],[72.962,20.131],[72.964,20.226],[72.911,20.275],[72.935,20.294],[72.974,20.272],[73.009,20.318],[73.034,20.291],[73.097,20.361],[73.103,20.305],[73.152,20.317],[73.17,20.29],[73.06,20.222],[73.062,20.164],[73.118,20.157],[73.132,20.205],[73.17,20.209],[73.22,20.184],[73.186,20.156],[73.207,20.122]]]}},{"type":"Feature","properties":{"ST_NM":"Daman & Diu"},"geometry":{"type":"MultiPolygon","coordinates":[[[[72.893,20.445],[72.859,20.424],[72.903,20.415],[72.894,20.372],[72.802,20.374],[72.845,20.475],[72.893,20.445]]],[[[70.925,20.738],[70.998,20.714],[70.873,20.71],[70.925,20.738]]]]}},{"type":"Feature","properties":{"ST_NM":"Goa"},"geometry":{"type":"MultiPolygon","coordinates":[[[[73.871,15.781],[73.877,15.749],[73.937,15.744],[73.995,15.611],[74.166,15.654],[74.183,15.683],[74.206,15.651],[74.249,15.656],[74.248,15.568],[74.281,15.528],[74.25,15.492],[74.336,15.295],[74.251,15.26],[74.316,15.187],[74.272,15.098],[74.296,15.042],[74.205,14.924],[74.174,14.956],[74.169,14.912],[74.042,14.915],[74.046,14.987],[73.914,15.084],[73.96,15.177],[73.947,15.145],[73.884,15.355],[73.784,15.408],[73.941,15.409],[73.936,15.436],[73.896,15.418],[73.786,15.462],[73.834,15.505],[73.767,15.495],[73.73,15.598],[73.767,15.633],[73.732,15.615],[73.676,15.728],[73.789,15.727],[73.857,15.8],[73.871,15.781]]]]}},{"type":"Feature","properties":{"ST_NM":"Gujarat"},"geometry":{"type":"MultiPolygon","coordinates":[[[[72.677,21.156],[72.71,21.141],[72.69,21.09],[72.677,21.156]]],[[[72.723,21.666],[72.751,21.653],[72.716,21.645],[72.723,21.666]]],[[[69.628,22.459],[69.657,22.429],[69.637,22.407],[69.588,22.436],[69.628,22.459]]],[[[69.137,22.478],[69.085,22.421],[69.093,22.462],[69.137,22.478]]],[[[69.919,22.553],[69.942,22.518],[69.862,22.527],[69.919,22.553]]],[[[70.009,22.593],[70.022,22.563],[69.958,22.549],[70.009,22.593]]],[[[68.558,23.314],[68.612,23.297],[68.574,23.245],[68.538,23.271],[68.568,23.281],[68.558,23.314]]],[[[68.589,23.374],[68.618,23.328],[68.577,23.353],[68.589,23.374]]],[[[68.507,23.457],[68.526,23.436],[68.503,23.429],[68.507,23.457]]],[[[68.473,23.48],[68.485,23.403],[68.458,23.418],[68.475,23.46],[68.421,23.42],[68.412,23.443],[68.473,23.48]]],[[[68.482,23.597],[68.43,23.508],[68.435,23.557],[68.482,23.597]]],[[[68.358,23.805],[68.426,23.796],[68.39,23.653],[68.389,23.686],[68.316,23.583],[68.274,23.592],[68.277,23.63],[68.307,23.631],[68.251,23.591],[68.198,23.596],[68.205,23.648],[68.312,23.65],[68.231,23.643],[68.334,23.711],[68.358,23.805]]],[[[68.308,23.824],[68.324,23.734],[68.29,23.728],[68.286,23.755],[68.274,23.701],[68.273,23.793],[68.308,23.824]]],[[[68.498,23.831],[68.517,23.754],[68.488,23.737],[68.465,23.775],[68.478,23.742],[68.437,23.739],[68.448,23.807],[68.498,23.831]]],[[[68.396,23.878],[68.439,23.839],[68.427,23.81],[68.405,23.793],[68.38,23.838],[68.402,23.79],[68.354,23.811],[68.33,23.787],[68.396,23.878]]],[[[68.449,23.938],[68.442,23.87],[68.422,23.895],[68.35,23.846],[68.354,23.902],[68.449,23.938]]],[[[68.535,23.946],[68.589,23.917],[68.522,23.856],[68.491,23.866],[68.535,23.946]]],[[[68.498,23.967],[68.518,23.924],[68.432,23.852],[68.463,23.932],[68.435,23.955],[68.498,23.967]]],[[[68.358,23.975],[68.434,23.964],[68.345,23.902],[68.338,23.819],[68.266,23.793],[68.267,23.691],[68.238,23.681],[68.192,23.733],[68.234,23.775],[68.212,23.833],[68.287,23.839],[68.25,23.848],[68.258,23.871],[68.317,23.882],[68.261,23.887],[68.284,23.921],[68.336,23.918],[68.358,23.975]]],[[[72.658,21.471],[72.675,21.522],[72.743,21.547],[72.642,21.526],[72.608,21.583],[72.628,21.617],[72.835,21.669],[72.525,21.678],[72.518,21.715],[72.617,21.868],[72.608,21.932],[72.637,21.954],[72.58,21.884],[72.517,21.879],[72.505,21.983],[72.547,22.15],[72.605,22.215],[72.755,22.173],[72.808,22.246],[72.878,22.224],[72.92,22.27],[72.865,22.243],[72.842,22.282],[72.751,22.231],[72.688,22.238],[72.635,22.285],[72.541,22.243],[72.541,22.281],[72.486,22.197],[72.493,22.248],[72.388,22.311],[72.413,22.356],[72.375,22.385],[72.404,22.351],[72.373,22.312],[72.414,22.298],[72.417,22.227],[72.4,22.199],[72.356,22.271],[72.392,22.168],[72.375,22.15],[72.358,22.193],[72.345,22.125],[72.294,22.202],[72.324,22.13],[72.278,21.932],[72.242,22.051],[72.298,22.063],[72.3,22.109],[72.265,22.105],[72.278,22.08],[72.233,22.054],[72.233,22.018],[72.172,22.042],[72.231,22.008],[72.221,21.956],[72.191,21.942],[72.147,21.983],[72.147,21.955],[72.22,21.948],[72.254,21.896],[72.265,21.74],[72.247,21.792],[72.183,21.824],[72.242,21.787],[72.306,21.627],[72.235,21.456],[72.093,21.288],[72.081,21.248],[72.113,21.196],[71.819,21.072],[71.807,21.038],[71.514,20.948],[71.44,20.869],[71.38,20.875],[71.074,20.735],[70.873,20.727],[70.858,20.755],[70.874,20.705],[70.826,20.69],[70.438,20.853],[70.099,21.105],[69.778,21.458],[69.805,21.464],[69.775,21.46],[69.236,21.938],[68.957,22.238],[68.936,22.313],[68.984,22.414],[69.067,22.48],[69.044,22.43],[69.07,22.395],[69.194,22.424],[69.158,22.311],[69.235,22.258],[69.32,22.291],[69.334,22.33],[69.489,22.338],[69.524,22.386],[69.498,22.436],[69.551,22.405],[69.562,22.356],[69.592,22.36],[69.576,22.319],[69.582,22.347],[69.607,22.326],[69.617,22.368],[69.655,22.359],[69.664,22.394],[69.7,22.397],[69.672,22.451],[69.728,22.474],[69.798,22.4],[69.834,22.475],[69.86,22.447],[69.914,22.456],[69.913,22.49],[69.938,22.514],[69.957,22.495],[69.946,22.528],[69.975,22.543],[70.164,22.552],[70.247,22.671],[70.253,22.734],[70.303,22.758],[70.493,23.075],[70.401,23.031],[70.387,22.948],[70.348,22.93],[70.201,22.993],[70.225,22.96],[70.16,22.943],[70.12,22.963],[70.141,23.013],[70.112,22.973],[70.127,22.947],[70.091,22.953],[70.132,22.924],[69.802,22.851],[69.752,22.82],[69.706,22.728],[69.634,22.795],[69.641,22.766],[69.61,22.757],[69.556,22.792],[69.472,22.773],[69.356,22.829],[69.197,22.838],[68.759,23.08],[68.586,23.22],[68.599,23.24],[68.631,23.213],[68.604,23.243],[68.672,23.271],[68.63,23.296],[68.695,23.31],[68.65,23.304],[68.502,23.465],[68.489,23.635],[68.761,23.875],[68.599,23.848],[68.529,23.755],[68.515,23.825],[68.663,23.917],[68.621,23.906],[68.596,23.942],[68.559,23.924],[68.545,23.967],[68.753,23.967],[68.762,24.292],[68.824,24.317],[68.866,24.212],[68.943,24.302],[69.005,24.223],[69.092,24.272],[69.193,24.238],[69.309,24.281],[69.588,24.291],[69.73,24.172],[70.017,24.17],[70.066,24.198],[70.109,24.295],[70.574,24.422],[70.6,24.409],[70.56,24.352],[70.576,24.252],[70.67,24.22],[70.834,24.229],[70.907,24.261],[70.874,24.297],[70.949,24.353],[71.037,24.353],[71.122,24.407],[71.109,24.437],[70.997,24.448],[70.988,24.548],[71.011,24.637],[71.098,24.687],[71.289,24.613],[71.342,24.658],[71.372,24.626],[71.48,24.678],[71.609,24.675],[71.654,24.637],[71.792,24.674],[71.805,24.625],[71.851,24.607],[71.87,24.678],[71.937,24.63],[71.995,24.686],[72.073,24.703],[72.079,24.655],[72.159,24.617],[72.348,24.62],[72.245,24.582],[72.289,24.54],[72.352,24.554],[72.385,24.5],[72.437,24.506],[72.459,24.409],[72.502,24.411],[72.495,24.452],[72.539,24.508],[72.692,24.458],[72.728,24.362],[72.864,24.366],[72.917,24.327],[72.987,24.364],[72.959,24.384],[72.996,24.471],[73.091,24.495],[73.105,24.426],[73.081,24.394],[73.166,24.35],[73.228,24.364],[73.177,24.301],[73.141,24.308],[73.079,24.185],[73.11,24.138],[73.22,24.098],[73.195,24.051],[73.242,24.01],[73.37,24.127],[73.421,23.93],[73.358,23.861],[73.357,23.791],[73.505,23.702],[73.51,23.616],[73.574,23.654],[73.657,23.622],[73.629,23.451],[73.701,23.454],[73.723,23.411],[73.761,23.457],[73.78,23.433],[73.829,23.445],[73.891,23.335],[73.936,23.34],[73.959,23.38],[74.042,23.294],[74.104,23.292],[74.133,23.263],[74.124,23.177],[74.184,23.15],[74.205,23.19],[74.244,23.186],[74.28,23.093],[74.347,23.028],[74.363,22.927],[74.398,22.897],[74.461,22.911],[74.47,22.83],[74.378,22.636],[74.262,22.643],[74.15,22.516],[74.074,22.55],[74.038,22.535],[74.033,22.49],[74.081,22.507],[74.074,22.464],[74.119,22.419],[74.141,22.455],[74.183,22.442],[74.187,22.476],[74.201,22.435],[74.291,22.392],[74.203,22.366],[74.187,22.32],[74.13,22.331],[74.108,22.37],[74.068,22.359],[74.072,22.22],[74.119,22.211],[74.126,22.096],[74.177,22.085],[74.093,22.014],[74.15,21.985],[74.145,21.959],[73.805,21.822],[73.893,21.666],[73.782,21.624],[73.855,21.495],[74.062,21.558],[74.179,21.56],[74.202,21.528],[74.306,21.566],[74.329,21.518],[74.249,21.461],[74.102,21.447],[74.062,21.481],[74.042,21.417],[73.947,21.401],[73.943,21.296],[73.826,21.266],[73.816,21.171],[73.629,21.132],[73.606,21.175],[73.581,21.167],[73.653,21.108],[73.746,21.113],[73.734,21.084],[73.764,21.067],[73.811,21.084],[73.796,21.045],[73.9,20.982],[73.943,20.741],[73.816,20.693],[73.831,20.615],[73.663,20.562],[73.6,20.636],[73.531,20.673],[73.49,20.653],[73.475,20.717],[73.446,20.71],[73.394,20.642],[73.493,20.54],[73.383,20.39],[73.415,20.352],[73.421,20.206],[73.302,20.207],[73.28,20.15],[73.212,20.121],[73.186,20.156],[73.22,20.184],[73.17,20.209],[73.132,20.205],[73.118,20.157],[73.062,20.164],[73.06,20.222],[73.17,20.29],[73.152,20.317],[73.103,20.305],[73.097,20.361],[73.034,20.291],[73.009,20.318],[72.974,20.272],[72.914,20.279],[72.959,20.211],[72.863,20.226],[72.824,20.145],[72.729,20.137],[72.77,20.215],[72.738,20.235],[72.76,20.335],[72.802,20.374],[72.894,20.372],[72.903,20.415],[72.86,20.42],[72.893,20.445],[72.845,20.475],[72.883,20.61],[72.783,20.9],[72.784,20.932],[72.846,20.948],[72.757,20.929],[72.722,21.04],[72.755,21.052],[72.694,21.065],[72.721,21.143],[72.671,21.158],[72.653,21.078],[72.625,21.091],[72.618,21.223],[72.653,21.227],[72.609,21.231],[72.588,21.293],[72.697,21.465],[72.645,21.434],[72.658,21.471]]]]}},{"type":"Feature","properties":{"ST_NM":"Haryana"},"geometry":{"type":"Polygon","coordinates":[[[76.851,30.875],[76.916,30.893],[76.967,30.807],[77.009,30.813],[77.026,30.738],[77.09,30.741],[77.167,30.684],[77.171,30.595],[77.125,30.563],[77.198,30.521],[77.216,30.476],[77.359,30.457],[77.414,30.414],[77.464,30.46],[77.429,30.408],[77.448,30.399],[77.523,30.444],[77.605,30.366],[77.486,30.184],[77.436,30.164],[77.427,30.102],[77.283,30.044],[77.192,29.901],[77.164,29.788],[77.13,29.771],[77.155,29.701],[77.097,29.596],[77.121,29.548],[77.096,29.529],[77.151,29.437],[77.131,29.345],[77.165,29.33],[77.133,29.101],[77.225,29.001],[77.201,28.942],[77.232,28.899],[77.153,28.837],[77.086,28.879],[77.042,28.832],[76.952,28.816],[76.944,28.632],[76.888,28.633],[76.843,28.577],[76.889,28.504],[77.015,28.509],[77.016,28.538],[77.082,28.515],[77.175,28.403],[77.25,28.423],[77.252,28.479],[77.344,28.506],[77.484,28.408],[77.504,28.353],[77.474,28.332],[77.506,28.301],[77.474,28.272],[77.548,28.249],[77.5,28.187],[77.552,28.176],[77.508,28.157],[77.478,28.08],[77.547,27.952],[77.487,27.935],[77.455,27.873],[77.421,27.891],[77.421,27.853],[77.348,27.854],[77.243,27.78],[77.203,27.816],[77.135,27.771],[77.047,27.815],[77.029,27.773],[77.088,27.733],[77.003,27.737],[76.979,27.652],[76.914,27.651],[76.889,27.694],[76.923,27.695],[76.892,27.726],[76.947,27.891],[76.927,27.992],[76.971,28.139],[76.873,28.219],[76.815,28.211],[76.8,28.152],[76.66,28.092],[76.669,28.014],[76.555,27.966],[76.547,28.034],[76.462,28.045],[76.506,28.06],[76.457,28.088],[76.506,28.102],[76.48,28.15],[76.385,28.133],[76.297,28.178],[76.364,28.124],[76.306,28.096],[76.363,28.069],[76.35,28.031],[76.305,28.021],[76.273,28.064],[76.185,28.055],[76.222,28.027],[76.163,27.994],[76.187,27.968],[76.174,27.91],[76.231,27.836],[76.181,27.803],[76.096,27.864],[75.971,27.86],[75.985,27.905],[75.931,27.929],[75.971,27.933],[75.995,27.98],[75.964,27.997],[75.998,28.006],[75.978,28.027],[76.044,28.07],[76.024,28.084],[75.992,28.046],[75.99,28.076],[75.944,28.089],[76.036,28.168],[76.101,28.151],[76.019,28.237],[76.027,28.277],[75.931,28.365],[75.779,28.404],[75.787,28.454],[75.637,28.542],[75.626,28.599],[75.564,28.611],[75.476,28.923],[75.525,28.972],[75.52,29.008],[75.444,29.014],[75.439,29.062],[75.39,29.067],[75.405,29.126],[75.37,29.14],[75.41,29.186],[75.405,29.259],[75.324,29.233],[75.329,29.291],[75.233,29.232],[75.189,29.266],[75.087,29.23],[75.049,29.285],[74.962,29.28],[74.936,29.363],[74.85,29.402],[74.765,29.355],[74.659,29.371],[74.65,29.33],[74.604,29.327],[74.538,29.449],[74.588,29.458],[74.623,29.526],[74.576,29.563],[74.615,29.752],[74.481,29.744],[74.475,29.787],[74.563,29.865],[74.515,29.907],[74.534,29.951],[74.657,29.904],[74.701,29.969],[74.811,29.992],[74.892,29.967],[74.895,29.938],[74.926,29.948],[75.0,29.855],[75.076,29.877],[75.095,29.913],[75.1,29.805],[75.164,29.779],[75.193,29.837],[75.241,29.75],[75.168,29.661],[75.231,29.604],[75.233,29.544],[75.306,29.566],[75.29,29.608],[75.328,29.668],[75.36,29.657],[75.345,29.691],[75.455,29.805],[75.579,29.74],[75.667,29.773],[75.708,29.752],[75.717,29.806],[75.782,29.822],[75.84,29.809],[75.89,29.744],[76.052,29.745],[76.089,29.802],[76.127,29.793],[76.253,29.865],[76.178,29.925],[76.215,29.94],[76.202,30.013],[76.267,30.101],[76.201,30.133],[76.217,30.156],[76.263,30.115],[76.34,30.106],[76.361,30.124],[76.338,30.146],[76.402,30.124],[76.393,30.18],[76.422,30.199],[76.464,30.097],[76.545,30.079],[76.654,30.185],[76.596,30.253],[76.545,30.223],[76.56,30.261],[76.728,30.329],[76.751,30.356],[76.713,30.39],[76.738,30.416],[76.845,30.43],[76.9,30.354],[76.943,30.388],[76.902,30.437],[76.926,30.596],[76.872,30.637],[76.875,30.675],[76.832,30.657],[76.86,30.789],[76.776,30.89],[76.824,30.927],[76.851,30.875]]]}},{"type":"Feature","properties":{"ST_NM":"Himachal Pradesh"},"geometry":{"type":"Polygon","coordinates":[[[76.796,33.255],[76.846,33.245],[76.821,33.155],[76.895,33.113],[76.935,33.032],[77.016,32.988],[77.154,32.979],[77.164,32.912],[77.192,32.929],[77.345,32.818],[77.405,32.883],[77.473,32.859],[77.683,32.984],[77.731,32.969],[77.808,32.903],[77.779,32.862],[77.933,32.763],[77.921,32.69],[78.0,32.583],[78.053,32.589],[78.051,32.632],[78.083,32.621],[78.106,32.657],[78.139,32.639],[78.17,32.676],[78.231,32.666],[78.314,32.709],[78.306,32.734],[78.391,32.757],[78.381,32.668],[78.407,32.62],[78.314,32.574],[78.296,32.504],[78.328,32.472],[78.4,32.526],[78.456,32.502],[78.455,32.454],[78.536,32.415],[78.48,32.346],[78.456,32.242],[78.557,32.246],[78.61,32.215],[78.591,32.154],[78.613,32.119],[78.788,31.995],[78.709,31.782],[78.741,31.759],[78.75,31.687],[78.796,31.685],[78.847,31.61],[78.722,31.514],[78.732,31.48],[78.811,31.448],[78.792,31.396],[78.85,31.367],[78.845,31.325],[78.987,31.177],[79.012,31.11],[78.886,31.102],[78.81,31.2],[78.663,31.19],[78.611,31.231],[78.485,31.199],[78.371,31.286],[78.045,31.181],[78.029,31.15],[77.97,31.174],[77.907,31.153],[77.815,31.057],[77.84,31.003],[77.811,30.965],[77.834,30.952],[77.751,30.959],[77.76,30.918],[77.81,30.919],[77.803,30.854],[77.756,30.874],[77.758,30.825],[77.702,30.764],[77.747,30.681],[77.793,30.659],[77.796,30.614],[77.743,30.593],[77.824,30.528],[77.588,30.422],[77.578,30.38],[77.523,30.444],[77.448,30.399],[77.429,30.408],[77.464,30.46],[77.414,30.414],[77.359,30.457],[77.216,30.476],[77.198,30.521],[77.135,30.544],[77.172,30.599],[77.167,30.684],[77.09,30.741],[77.026,30.738],[77.009,30.813],[76.967,30.807],[76.916,30.893],[76.866,30.867],[76.824,30.927],[76.783,30.903],[76.626,30.999],[76.64,31.107],[76.603,31.125],[76.604,31.18],[76.648,31.212],[76.595,31.213],[76.616,31.248],[76.585,31.277],[76.549,31.252],[76.551,31.281],[76.532,31.259],[76.481,31.307],[76.445,31.28],[76.462,31.303],[76.377,31.439],[76.33,31.4],[76.351,31.35],[76.31,31.317],[76.187,31.304],[76.149,31.36],[76.168,31.412],[75.936,31.816],[75.986,31.813],[75.909,31.949],[75.705,32.061],[75.594,32.081],[75.677,32.164],[75.635,32.185],[75.638,32.235],[75.752,32.273],[75.86,32.379],[75.948,32.416],[75.867,32.508],[75.94,32.644],[75.913,32.691],[75.929,32.757],[75.804,32.894],[75.851,32.935],[75.951,32.884],[76.004,32.901],[76.111,33.005],[76.255,33.032],[76.292,33.104],[76.409,33.186],[76.565,33.209],[76.645,33.162],[76.748,33.179],[76.796,33.255]]]}},{"type":"Feature","properties":{"ST_NM":"Jammu & Kashmir"},"geometry":{"type":"Polygon","coordinates":[[[74.735,37.021],[74.84,37.022],[74.925,36.906],[75.019,36.976],[75.097,36.943],[75.209,37.037],[75.343,37.053],[75.355,36.977],[75.426,36.956],[75.414,36.892],[75.444,36.887],[75.474,36.811],[75.616,36.762],[75.769,36.573],[75.923,36.502],[76.078,36.474],[76.248,36.35],[76.352,36.36],[76.432,36.308],[76.433,36.251],[76.563,36.173],[76.644,36.184],[76.722,36.081],[76.802,36.048],[76.809,36.02],[76.723,35.953],[76.813,35.844],[76.935,35.784],[77.116,35.798],[77.228,35.712],[77.358,35.718],[77.431,35.655],[77.427,35.611],[77.487,35.532],[77.32,35.534],[77.437,35.462],[77.512,35.489],[77.723,35.476],[77.734,35.525],[77.901,35.468],[77.925,35.494],[77.983,35.456],[77.931,35.516],[77.967,35.571],[77.952,35.607],[78.137,35.539],[78.2,35.669],[78.255,35.646],[78.273,35.722],[78.385,35.735],[78.423,35.785],[78.521,35.764],[78.665,35.857],[78.834,35.857],[78.961,35.893],[79.018,35.85],[79.133,35.836],[79.194,35.887],[79.215,35.979],[79.378,35.995],[79.422,35.897],[79.738,35.802],[79.871,35.783],[79.999,35.838],[80.108,35.681],[80.292,35.607],[80.329,35.473],[80.281,35.441],[80.271,35.344],[80.184,35.167],[80.175,35.002],[80.073,34.828],[80.069,34.715],[79.861,34.689],[79.776,34.628],[79.793,34.59],[79.758,34.555],[79.815,34.522],[79.792,34.484],[79.593,34.501],[79.509,34.474],[79.528,34.418],[79.561,34.41],[79.586,34.244],[79.507,34.206],[79.495,34.136],[79.42,34.078],[79.427,34.017],[79.171,34.073],[79.113,34.02],[79.022,34.051],[78.954,34.03],[78.906,33.978],[79.017,33.779],[79.06,33.78],[79.021,33.706],[79.091,33.687],[79.107,33.617],[78.914,33.628],[78.933,33.433],[78.989,33.334],[79.111,33.292],[79.455,33.259],[79.377,33.085],[79.394,33.036],[79.332,33.012],[79.422,32.962],[79.627,32.738],[79.448,32.533],[79.407,32.53],[79.395,32.572],[79.321,32.593],[79.238,32.506],[79.135,32.475],[79.147,32.435],[79.115,32.384],[79.034,32.386],[78.982,32.338],[78.827,32.439],[78.763,32.698],[78.662,32.654],[78.619,32.596],[78.573,32.618],[78.456,32.578],[78.328,32.472],[78.296,32.504],[78.314,32.574],[78.407,32.62],[78.381,32.668],[78.391,32.757],[78.306,32.734],[78.314,32.709],[78.231,32.666],[78.17,32.676],[78.139,32.639],[78.106,32.657],[78.083,32.621],[78.051,32.632],[78.053,32.589],[78.0,32.583],[77.921,32.69],[77.933,32.763],[77.779,32.862],[77.808,32.903],[77.731,32.969],[77.683,32.984],[77.473,32.859],[77.405,32.883],[77.345,32.818],[77.192,32.929],[77.164,32.912],[77.154,32.979],[77.016,32.988],[76.935,33.032],[76.895,33.113],[76.821,33.155],[76.846,33.245],[76.796,33.255],[76.748,33.179],[76.645,33.162],[76.565,33.209],[76.402,33.183],[76.292,33.104],[76.255,33.032],[76.111,33.005],[76.099,32.969],[75.963,32.885],[75.825,32.93],[75.806,32.882],[75.929,32.757],[75.913,32.691],[75.94,32.644],[75.82,32.487],[75.762,32.476],[75.701,32.401],[75.561,32.361],[75.514,32.276],[75.489,32.34],[75.316,32.334],[75.19,32.42],[75.132,32.403],[75.108,32.473],[75.033,32.493],[74.954,32.441],[74.877,32.483],[74.685,32.482],[74.689,32.525],[74.635,32.603],[74.693,32.655],[74.65,32.698],[74.701,32.835],[74.635,32.812],[74.654,32.781],[74.632,32.747],[74.509,32.739],[74.457,32.784],[74.362,32.761],[74.178,32.883],[73.988,32.936],[73.997,32.961],[73.958,32.987],[73.83,33.007],[73.788,32.965],[73.735,33.067],[73.629,33.089],[73.658,33.208],[73.607,33.25],[73.559,33.368],[73.588,33.444],[73.625,33.458],[73.597,33.504],[73.633,33.53],[73.604,33.608],[73.561,33.621],[73.598,33.716],[73.558,33.784],[73.59,33.884],[73.516,34.001],[73.479,34.291],[73.454,34.278],[73.391,34.377],[73.448,34.574],[73.558,34.593],[73.651,34.568],[73.696,34.654],[73.667,34.685],[73.75,34.787],[73.918,34.814],[74.03,34.877],[74.074,34.94],[74.062,34.996],[74.108,35.02],[74.066,35.049],[74.134,35.113],[74.114,35.152],[74.039,35.147],[73.82,35.24],[73.716,35.226],[73.7,35.358],[73.795,35.46],[73.785,35.526],[73.635,35.572],[73.407,35.564],[73.273,35.63],[73.136,35.719],[73.154,35.842],[73.091,35.883],[72.926,35.846],[72.902,35.882],[72.83,35.887],[72.777,35.844],[72.691,35.833],[72.534,35.917],[72.556,35.997],[72.596,36.026],[72.531,36.075],[72.574,36.151],[72.56,36.212],[72.601,36.266],[72.694,36.25],[72.692,36.276],[72.779,36.31],[72.887,36.391],[72.879,36.443],[72.992,36.458],[72.996,36.515],[73.062,36.538],[73.111,36.607],[73.085,36.7],[73.315,36.706],[73.444,36.745],[73.633,36.69],[73.809,36.717],[73.884,36.699],[73.9,36.75],[73.724,36.834],[73.69,36.912],[73.883,36.893],[74.056,36.806],[74.143,36.84],[74.169,36.903],[74.264,36.888],[74.429,36.99],[74.532,36.987],[74.579,36.949],[74.587,37.045],[74.709,37.078],[74.735,37.021]]]}},{"type":"Feature","properties":{"ST_NM":"Jharkhand"},"geometry":{"type":"Polygon","coordinates":[[[87.606,25.315],[87.69,25.311],[87.714,25.257],[87.789,25.247],[87.782,25.092],[87.87,25.041],[87.979,24.897],[87.894,24.854],[87.86,24.765],[87.843,24.789],[87.823,24.767],[87.906,24.723],[87.891,24.679],[87.919,24.66],[87.907,24.614],[87.878,24.612],[87.915,24.595],[87.853,24.552],[87.775,24.583],[87.81,24.55],[87.8,24.492],[87.828,24.496],[87.79,24.416],[87.815,24.408],[87.761,24.305],[87.641,24.244],[87.643,24.213],[87.698,24.188],[87.695,24.151],[87.574,24.157],[87.613,24.131],[87.581,24.087],[87.499,24.117],[87.516,24.042],[87.439,24.01],[87.463,23.983],[87.243,24.043],[87.3,23.9],[87.276,23.875],[87.253,23.909],[87.248,23.828],[87.225,23.829],[87.241,23.855],[87.136,23.869],[87.172,23.821],[87.129,23.797],[86.901,23.882],[86.888,23.816],[86.877,23.846],[86.826,23.813],[86.798,23.833],[86.825,23.763],[86.798,23.689],[86.717,23.699],[86.534,23.631],[86.446,23.632],[86.367,23.552],[86.378,23.485],[86.306,23.422],[86.284,23.443],[86.249,23.422],[86.245,23.472],[86.152,23.475],[86.151,23.57],[86.053,23.586],[86.017,23.563],[86.053,23.496],[85.956,23.457],[85.88,23.478],[85.866,23.453],[85.902,23.373],[85.872,23.367],[85.884,23.326],[85.832,23.265],[85.838,23.197],[85.921,23.132],[86.043,23.146],[86.218,22.995],[86.304,23.016],[86.399,22.977],[86.546,22.99],[86.524,22.947],[86.438,22.926],[86.469,22.9],[86.422,22.78],[86.512,22.705],[86.545,22.724],[86.636,22.666],[86.657,22.579],[86.765,22.576],[86.804,22.502],[86.753,22.482],[86.757,22.454],[86.849,22.4],[86.834,22.328],[86.89,22.301],[86.891,22.256],[86.817,22.268],[86.805,22.245],[86.795,22.267],[86.805,22.218],[86.781,22.236],[86.753,22.212],[86.656,22.237],[86.505,22.345],[86.439,22.305],[86.358,22.349],[86.285,22.449],[86.113,22.488],[86.044,22.567],[85.959,22.459],[86.015,22.428],[86.027,22.379],[85.999,22.342],[86.049,22.31],[85.976,22.247],[86.032,22.189],[85.911,21.971],[85.767,21.994],[85.794,22.081],[85.837,22.081],[85.808,22.115],[85.687,22.053],[85.651,22.094],[85.546,22.09],[85.401,22.162],[85.306,22.111],[85.237,22.004],[85.217,22.047],[85.102,22.103],[84.986,22.088],[85.03,22.115],[85.077,22.275],[85.121,22.294],[85.08,22.352],[85.069,22.481],[84.914,22.422],[84.814,22.45],[84.759,22.445],[84.75,22.417],[84.533,22.423],[84.433,22.351],[84.296,22.34],[84.159,22.403],[84.142,22.473],[84.01,22.523],[84.012,22.571],[84.087,22.638],[84.228,22.671],[84.232,22.737],[84.292,22.765],[84.336,22.861],[84.377,22.866],[84.396,22.94],[84.377,22.977],[84.224,22.978],[84.197,23.025],[84.155,22.965],[84.136,23.083],[84.043,23.136],[84.077,23.331],[84.051,23.375],[84.014,23.354],[83.973,23.382],[83.977,23.456],[84.03,23.545],[84.014,23.633],[83.945,23.623],[83.943,23.563],[83.782,23.6],[83.722,23.683],[83.737,23.755],[83.703,23.821],[83.569,23.863],[83.584,23.884],[83.55,23.898],[83.514,24.028],[83.455,24.042],[83.433,24.083],[83.331,24.101],[83.41,24.265],[83.383,24.312],[83.459,24.364],[83.389,24.454],[83.403,24.503],[83.876,24.532],[83.941,24.551],[84.0,24.637],[84.054,24.611],[84.117,24.481],[84.154,24.54],[84.187,24.51],[84.196,24.555],[84.265,24.53],[84.305,24.563],[84.334,24.502],[84.301,24.45],[84.343,24.395],[84.43,24.359],[84.425,24.331],[84.508,24.332],[84.501,24.287],[84.529,24.376],[84.58,24.412],[84.666,24.394],[84.686,24.456],[84.803,24.529],[84.84,24.511],[84.842,24.452],[84.887,24.463],[84.905,24.372],[84.976,24.376],[85.083,24.44],[85.073,24.387],[85.097,24.379],[85.176,24.43],[85.158,24.463],[85.289,24.497],[85.295,24.529],[85.501,24.551],[85.525,24.525],[85.584,24.603],[85.672,24.582],[85.656,24.687],[85.704,24.714],[85.744,24.823],[85.885,24.801],[85.957,24.732],[86.057,24.78],[86.044,24.744],[86.093,24.747],[86.131,24.706],[86.132,24.612],[86.172,24.584],[86.224,24.612],[86.271,24.577],[86.329,24.585],[86.286,24.463],[86.453,24.369],[86.512,24.519],[86.609,24.606],[86.675,24.562],[86.783,24.621],[86.806,24.566],[86.917,24.54],[86.904,24.587],[86.936,24.644],[87.056,24.608],[87.103,24.802],[87.083,24.819],[87.157,24.859],[87.15,25.019],[87.183,25.065],[87.255,25.106],[87.297,25.09],[87.33,25.224],[87.478,25.195],[87.496,25.306],[87.546,25.282],[87.586,25.349],[87.606,25.315]]]}},{"type":"Feature","properties":{"ST_NM":"Karnataka"},"geometry":{"type":"MultiPolygon","coordinates":[[[[74.309,15.799],[74.266,15.793],[74.26,15.827],[74.309,15.799]]],[[[77.34,18.437],[77.373,18.449],[77.373,18.402],[77.413,18.39],[77.362,18.312],[77.44,18.308],[77.469,18.262],[77.514,18.28],[77.513,18.309],[77.607,18.28],[77.568,18.203],[77.601,18.086],[77.549,18.056],[77.657,17.972],[77.511,17.795],[77.566,17.75],[77.454,17.694],[77.444,17.584],[77.505,17.544],[77.531,17.576],[77.552,17.552],[77.594,17.566],[77.596,17.536],[77.692,17.502],[77.688,17.476],[77.657,17.506],[77.615,17.447],[77.514,17.43],[77.532,17.375],[77.455,17.373],[77.458,17.279],[77.384,17.223],[77.403,17.212],[77.364,17.165],[77.467,17.107],[77.502,17.019],[77.457,16.913],[77.475,16.783],[77.442,16.787],[77.428,16.722],[77.471,16.716],[77.469,16.682],[77.421,16.667],[77.474,16.651],[77.468,16.588],[77.396,16.569],[77.42,16.522],[77.37,16.488],[77.239,16.472],[77.347,16.384],[77.499,16.38],[77.596,16.342],[77.597,16.295],[77.492,16.254],[77.516,16.222],[77.488,16.163],[77.514,15.926],[77.185,15.955],[77.081,15.914],[77.026,15.836],[77.068,15.828],[77.051,15.73],[77.129,15.664],[77.12,15.63],[77.086,15.658],[77.033,15.639],[77.031,15.505],[76.974,15.496],[77.032,15.44],[77.066,15.327],[77.114,15.332],[77.169,15.264],[77.126,15.227],[77.168,15.167],[77.084,15.005],[77.046,15.011],[77.052,15.035],[76.881,15.034],[76.801,15.096],[76.778,15.076],[76.768,14.975],[76.869,14.969],[76.87,14.943],[76.853,14.809],[76.784,14.785],[76.802,14.74],[76.765,14.602],[76.875,14.474],[76.978,14.484],[76.947,14.405],[76.888,14.396],[76.884,14.352],[76.955,14.3],[76.93,14.278],[76.949,14.242],[77.111,14.22],[77.158,14.344],[77.216,14.319],[77.287,14.338],[77.286,14.283],[77.366,14.276],[77.39,14.199],[77.422,14.21],[77.392,14.332],[77.503,14.279],[77.507,14.158],[77.416,14.177],[77.354,14.131],[77.351,14.103],[77.402,14.11],[77.333,14.03],[77.39,14.014],[77.383,13.976],[77.438,13.976],[77.415,13.943],[77.433,13.909],[77.399,13.887],[77.35,13.913],[77.361,13.989],[77.32,14.032],[77.154,13.998],[77.127,14.049],[77.029,14.06],[77.025,14.179],[76.947,14.195],[76.897,14.165],[76.889,14.137],[76.932,14.133],[76.981,14.072],[76.937,14.029],[77.042,13.932],[76.974,13.821],[77.0,13.748],[77.033,13.778],[77.066,13.746],[77.173,13.762],[77.169,13.828],[77.13,13.856],[77.169,13.864],[77.183,13.924],[77.185,13.867],[77.24,13.902],[77.257,13.847],[77.432,13.842],[77.416,13.807],[77.465,13.804],[77.457,13.683],[77.484,13.685],[77.495,13.714],[77.529,13.696],[77.527,13.751],[77.564,13.724],[77.603,13.751],[77.629,13.735],[77.618,13.763],[77.657,13.784],[77.717,13.741],[77.721,13.798],[77.836,13.869],[77.826,13.943],[77.895,13.939],[77.92,13.905],[77.987,13.956],[77.953,13.828],[77.994,13.87],[78.047,13.861],[78.05,13.895],[78.122,13.85],[78.127,13.786],[78.094,13.742],[78.115,13.693],[78.067,13.676],[78.09,13.644],[78.165,13.658],[78.203,13.625],[78.193,13.565],[78.237,13.596],[78.401,13.588],[78.365,13.365],[78.408,13.342],[78.377,13.33],[78.482,13.318],[78.532,13.266],[78.566,13.31],[78.588,13.272],[78.552,13.198],[78.58,13.167],[78.52,13.13],[78.539,13.108],[78.516,13.063],[78.463,13.042],[78.469,12.974],[78.434,12.979],[78.412,12.943],[78.467,12.903],[78.466,12.864],[78.447,12.911],[78.389,12.905],[78.356,12.938],[78.314,12.857],[78.252,12.857],[78.232,12.763],[78.131,12.78],[78.057,12.852],[78.025,12.855],[78.012,12.805],[77.956,12.859],[77.935,12.823],[77.934,12.887],[77.835,12.868],[77.795,12.843],[77.808,12.792],[77.741,12.673],[77.6,12.666],[77.58,12.567],[77.588,12.516],[77.616,12.509],[77.585,12.477],[77.635,12.486],[77.617,12.369],[77.553,12.293],[77.48,12.271],[77.476,12.211],[77.737,12.177],[77.78,12.115],[77.676,11.949],[77.495,11.942],[77.43,11.76],[77.252,11.811],[77.113,11.771],[77.119,11.721],[77.014,11.811],[76.969,11.773],[76.909,11.791],[76.839,11.657],[76.847,11.582],[76.755,11.618],[76.569,11.617],[76.512,11.705],[76.459,11.662],[76.418,11.672],[76.415,11.76],[76.342,11.737],[76.279,11.81],[76.225,11.807],[76.208,11.861],[76.114,11.858],[76.114,11.977],[76.0,11.929],[75.871,11.951],[75.804,12.077],[75.721,12.068],[75.706,12.106],[75.666,12.097],[75.639,12.148],[75.595,12.148],[75.537,12.201],[75.486,12.291],[75.422,12.291],[75.424,12.372],[75.368,12.412],[75.369,12.457],[75.425,12.465],[75.417,12.502],[75.343,12.461],[75.274,12.545],[75.329,12.59],[75.278,12.616],[75.224,12.567],[75.202,12.63],[75.144,12.638],[75.151,12.681],[75.086,12.702],[75.048,12.664],[75.05,12.719],[74.985,12.734],[74.992,12.795],[74.863,12.758],[74.805,12.904],[74.771,13.078],[74.782,13.058],[74.79,13.102],[74.767,13.089],[74.695,13.358],[74.688,13.454],[74.743,13.387],[74.705,13.433],[74.751,13.459],[74.689,13.463],[74.664,13.631],[74.681,13.607],[74.687,13.639],[74.707,13.615],[74.704,13.638],[74.76,13.639],[74.702,13.654],[74.679,13.677],[74.713,13.697],[74.668,13.714],[74.663,13.643],[74.607,13.859],[74.627,13.858],[74.516,13.989],[74.524,14.034],[74.433,14.266],[74.527,14.24],[74.426,14.305],[74.431,14.273],[74.356,14.509],[74.376,14.519],[74.387,14.451],[74.436,14.472],[74.369,14.559],[74.336,14.514],[74.308,14.523],[74.295,14.592],[74.384,14.592],[74.43,14.625],[74.285,14.609],[74.242,14.744],[74.2,14.72],[74.177,14.767],[74.157,14.747],[74.095,14.797],[74.128,14.835],[74.162,14.838],[74.157,14.813],[74.176,14.855],[74.25,14.871],[74.21,14.889],[74.121,14.838],[74.088,14.896],[74.169,14.912],[74.165,14.954],[74.205,14.924],[74.264,14.969],[74.296,15.042],[74.283,15.146],[74.316,15.187],[74.251,15.26],[74.336,15.295],[74.25,15.492],[74.281,15.528],[74.248,15.568],[74.249,15.656],[74.089,15.673],[74.221,15.788],[74.243,15.743],[74.359,15.776],[74.383,15.846],[74.338,15.854],[74.368,15.894],[74.406,15.855],[74.386,15.903],[74.465,16.043],[74.362,16.055],[74.429,16.113],[74.491,16.104],[74.497,16.233],[74.374,16.295],[74.324,16.275],[74.319,16.381],[74.355,16.366],[74.363,16.396],[74.336,16.402],[74.332,16.454],[74.29,16.461],[74.293,16.504],[74.262,16.478],[74.246,16.497],[74.279,16.505],[74.27,16.546],[74.308,16.504],[74.317,16.553],[74.384,16.53],[74.397,16.58],[74.467,16.606],[74.471,16.662],[74.492,16.628],[74.546,16.635],[74.569,16.554],[74.631,16.577],[74.638,16.608],[74.685,16.606],[74.655,16.639],[74.693,16.717],[74.92,16.772],[74.908,16.857],[74.963,16.907],[74.934,16.942],[75.091,16.949],[75.138,16.875],[75.213,16.842],[75.283,16.88],[75.282,16.955],[75.466,16.987],[75.491,16.945],[75.569,16.965],[75.574,17.01],[75.644,16.953],[75.673,16.962],[75.671,17.037],[75.642,17.038],[75.677,17.065],[75.673,17.115],[75.627,17.172],[75.659,17.263],[75.604,17.305],[75.612,17.344],[75.577,17.384],[75.614,17.393],[75.634,17.479],[75.69,17.414],[75.736,17.423],[75.79,17.374],[75.824,17.424],[75.861,17.387],[75.887,17.419],[75.893,17.355],[75.931,17.326],[76.054,17.356],[76.079,17.332],[76.121,17.368],[76.176,17.299],[76.176,17.354],[76.245,17.376],[76.276,17.332],[76.344,17.352],[76.353,17.313],[76.383,17.314],[76.409,17.371],[76.363,17.377],[76.374,17.436],[76.334,17.434],[76.332,17.471],[76.376,17.495],[76.344,17.496],[76.367,17.524],[76.332,17.596],[76.417,17.606],[76.43,17.646],[76.49,17.662],[76.487,17.715],[76.525,17.717],[76.527,17.761],[76.575,17.762],[76.575,17.704],[76.616,17.77],[76.69,17.68],[76.729,17.739],[76.717,17.784],[76.765,17.789],[76.79,17.828],[76.739,17.859],[76.742,17.9],[76.805,17.87],[76.919,17.917],[76.92,18.035],[76.957,18.041],[76.971,18.099],[76.924,18.122],[76.956,18.186],[77.111,18.154],[77.098,18.197],[77.153,18.218],[77.173,18.282],[77.209,18.279],[77.243,18.41],[77.32,18.455],[77.34,18.437]]]]}},{"type":"Feature","properties":{"ST_NM":"Kerala"},"geometry":{"type":"Polygon","coordinates":[[[74.996,12.792],[74.985,12.734],[75.05,12.719],[75.048,12.664],[75.086,12.702],[75.151,12.681],[75.144,12.638],[75.202,12.63],[75.224,12.567],[75.278,12.616],[75.329,12.59],[75.272,12.558],[75.339,12.463],[75.417,12.502],[75.425,12.465],[75.369,12.457],[75.368,12.412],[75.424,12.372],[75.422,12.291],[75.486,12.291],[75.58,12.156],[75.639,12.148],[75.721,12.068],[75.8,12.08],[75.832,11.984],[75.882,11.947],[76.0,11.929],[76.114,11.977],[76.123,11.849],[76.191,11.87],[76.225,11.807],[76.279,11.81],[76.342,11.737],[76.415,11.76],[76.404,11.708],[76.442,11.641],[76.306,11.571],[76.278,11.6],[76.233,11.571],[76.248,11.466],[76.286,11.481],[76.419,11.441],[76.457,11.389],[76.547,11.359],[76.549,11.3],[76.455,11.238],[76.462,11.187],[76.497,11.21],[76.633,11.193],[76.707,11.239],[76.736,11.217],[76.701,11.152],[76.749,11.129],[76.747,11.055],[76.803,11.05],[76.717,11.039],[76.658,10.937],[76.829,10.87],[76.909,10.779],[76.867,10.683],[76.884,10.638],[76.815,10.622],[76.842,10.593],[76.832,10.303],[76.984,10.217],[77.176,10.355],[77.236,10.349],[77.261,10.23],[77.295,10.216],[77.274,10.128],[77.202,10.101],[77.276,9.973],[77.219,9.903],[77.249,9.798],[77.167,9.615],[77.266,9.574],[77.32,9.602],[77.341,9.572],[77.357,9.604],[77.367,9.536],[77.413,9.506],[77.283,9.3],[77.269,9.152],[77.199,9.045],[77.149,9.02],[77.261,8.868],[77.233,8.784],[77.173,8.746],[77.284,8.551],[77.267,8.51],[77.205,8.501],[77.229,8.446],[77.154,8.386],[77.179,8.32],[77.141,8.331],[77.1,8.291],[76.983,8.38],[76.672,8.79],[76.55,8.897],[76.342,9.404],[76.243,9.969],[76.043,10.494],[76.059,10.481],[76.04,10.522],[76.069,10.509],[76.066,10.535],[76.041,10.566],[76.033,10.507],[75.904,10.796],[75.823,11.168],[75.701,11.422],[75.621,11.476],[75.542,11.707],[75.388,11.858],[75.358,11.854],[75.321,11.899],[75.309,11.941],[75.351,11.93],[75.315,11.977],[75.288,11.99],[75.296,11.952],[75.243,12.021],[75.204,12.003],[74.863,12.758],[74.996,12.792]],[[75.54,11.735],[75.558,11.718],[75.544,11.759],[75.54,11.735]]]}},{"type":"Feature","properties":{"ST_NM":"Lakshadweep"},"geometry":{"type":"MultiPolygon","coordinates":[[[[74.101,11.204],[73.997,11.254],[73.974,11.345],[74.09,11.298],[74.123,11.239],[74.101,11.204]]],[[[71.845,11.835],[71.784,11.834],[71.761,11.872],[71.731,11.954],[71.773,12.004],[71.845,11.835]]],[[[72.265,10.011],[72.236,10.015],[72.242,10.051],[72.33,10.139],[72.323,10.056],[72.265,10.011]]],[[[72.179,11.491],[72.137,11.543],[72.173,11.607],[72.195,11.591],[72.179,11.491]]],[[[72.096,11.192],[72.055,11.121],[72.001,11.194],[72.102,11.222],[72.096,11.192]]],[[[71.901,12.285],[71.893,12.403],[71.927,12.375],[71.901,12.285]]],[[[73.063,8.329],[73.085,8.328],[73.07,8.283],[73.01,8.27],[73.01,8.303],[73.063,8.329]]],[[[73.646,10.053],[73.62,10.103],[73.661,10.155],[73.646,10.053]]]]}},{"type":"Feature","properties":{"ST_NM":"Madhya Pradesh"},"geometry":{"type":"MultiPolygon","coordinates":[[[[78.373,26.863],[78.398,26.819],[78.574,26.752],[78.724,26.794],[78.82,26.76],[78.874,26.699],[78.957,26.691],[78.947,26.657],[79.002,26.679],[79.014,26.605],[78.988,26.568],[79.07,26.498],[79.057,26.45],[79.135,26.439],[79.095,26.412],[79.085,26.357],[79.142,26.339],[79.092,26.267],[79.045,26.261],[79.065,26.227],[78.992,26.235],[79.029,26.204],[78.984,26.187],[79.009,26.149],[78.951,26.134],[79.011,26.076],[78.952,26.031],[78.937,25.944],[78.884,25.91],[78.891,25.865],[78.854,25.855],[78.87,25.794],[78.819,25.825],[78.828,25.794],[78.754,25.744],[78.819,25.669],[78.813,25.619],[78.656,25.56],[78.613,25.584],[78.589,25.559],[78.437,25.559],[78.428,25.472],[78.356,25.451],[78.302,25.37],[78.338,25.332],[78.315,25.306],[78.405,25.213],[78.392,25.19],[78.451,25.168],[78.425,25.148],[78.45,25.124],[78.334,25.084],[78.337,24.999],[78.17,24.852],[78.275,24.662],[78.265,24.554],[78.226,24.518],[78.273,24.443],[78.367,24.381],[78.331,24.33],[78.386,24.271],[78.441,24.293],[78.512,24.389],[78.585,24.353],[78.675,24.241],[78.767,24.254],[78.798,24.176],[78.885,24.219],[78.914,24.297],[78.974,24.349],[78.995,24.424],[78.915,24.462],[78.924,24.498],[78.973,24.493],[78.889,24.635],[78.756,24.6],[78.787,24.81],[78.771,24.857],[78.675,24.898],[78.629,24.96],[78.649,25.057],[78.604,25.093],[78.576,25.254],[78.434,25.284],[78.499,25.319],[78.532,25.301],[78.532,25.358],[78.583,25.347],[78.568,25.391],[78.636,25.401],[78.66,25.439],[78.709,25.424],[78.664,25.415],[78.665,25.383],[78.772,25.353],[78.75,25.408],[78.82,25.425],[78.762,25.429],[78.739,25.495],[78.837,25.461],[78.842,25.427],[78.865,25.462],[78.836,25.505],[78.884,25.519],[78.893,25.556],[78.949,25.546],[78.911,25.442],[78.968,25.434],[78.986,25.371],[78.936,25.347],[78.9,25.37],[78.957,25.395],[78.882,25.383],[78.851,25.327],[78.794,25.305],[78.849,25.224],[78.886,25.342],[78.963,25.343],[78.977,25.28],[78.879,25.246],[78.884,25.157],[78.956,25.215],[79.003,25.191],[78.979,25.24],[79.012,25.272],[79.064,25.221],[79.029,25.138],[79.092,25.188],[79.132,25.107],[79.187,25.113],[79.192,25.146],[79.246,25.112],[79.221,25.144],[79.253,25.157],[79.284,25.115],[79.322,25.147],[79.281,25.243],[79.355,25.209],[79.348,25.268],[79.264,25.275],[79.312,25.335],[79.354,25.328],[79.338,25.289],[79.366,25.259],[79.375,25.289],[79.423,25.254],[79.499,25.264],[79.467,25.265],[79.45,25.208],[79.391,25.166],[79.401,25.111],[79.476,25.13],[79.468,25.092],[79.497,25.078],[79.573,25.173],[79.606,25.127],[79.753,25.139],[79.857,25.092],[79.88,25.146],[79.855,25.236],[80.005,25.264],[80.029,25.339],[80.131,25.334],[80.202,25.412],[80.253,25.4],[80.264,25.424],[80.319,25.383],[80.312,25.284],[80.407,25.239],[80.432,25.17],[80.359,25.141],[80.377,25.111],[80.353,25.054],[80.29,25.056],[80.275,25.026],[80.322,24.999],[80.394,25.007],[80.374,25.054],[80.449,25.078],[80.502,25.038],[80.434,25.027],[80.46,24.983],[80.55,25.003],[80.483,25.098],[80.615,25.068],[80.603,25.151],[80.641,25.119],[80.61,25.1],[80.687,25.078],[80.682,25.05],[80.784,25.058],[80.708,25.133],[80.808,25.142],[80.836,25.106],[80.843,25.186],[80.886,25.192],[80.913,25.156],[80.835,25.035],[80.856,24.994],[80.798,24.968],[80.81,24.941],[80.911,24.936],[80.945,24.969],[80.963,24.922],[81.085,24.949],[81.141,24.889],[81.17,24.955],[81.221,24.931],[81.21,24.992],[81.27,25.065],[81.278,25.164],[81.315,25.162],[81.325,25.112],[81.338,25.169],[81.397,25.121],[81.439,25.13],[81.447,25.107],[81.409,25.104],[81.492,25.072],[81.516,25.103],[81.481,25.134],[81.533,25.14],[81.518,25.184],[81.575,25.192],[81.626,25.161],[81.599,25.12],[81.64,25.1],[81.613,25.057],[81.667,25.076],[81.69,25.041],[81.741,25.046],[81.798,25.007],[81.907,25.007],[81.905,24.89],[81.965,24.829],[82.013,24.848],[82.12,24.79],[82.204,24.822],[82.187,24.802],[82.218,24.779],[82.181,24.737],[82.222,24.726],[82.208,24.75],[82.252,24.773],[82.238,24.667],[82.305,24.668],[82.302,24.611],[82.417,24.596],[82.428,24.703],[82.537,24.65],[82.674,24.698],[82.703,24.642],[82.771,24.644],[82.768,24.598],[82.804,24.598],[82.809,24.551],[82.721,24.554],[82.745,24.498],[82.715,24.384],[82.769,24.371],[82.772,24.291],[82.728,24.138],[82.679,24.157],[82.665,24.133],[82.716,24.079],[82.774,24.077],[82.75,24.02],[82.805,24.004],[82.816,23.962],[82.664,23.907],[82.637,23.838],[82.535,23.823],[82.552,23.793],[82.501,23.784],[82.471,23.81],[82.237,23.805],[82.212,23.852],[82.173,23.819],[82.053,23.819],[82.008,23.861],[81.924,23.871],[81.819,23.808],[81.727,23.839],[81.669,23.924],[81.605,23.887],[81.695,23.721],[81.577,23.587],[81.615,23.505],[81.639,23.49],[81.744,23.566],[81.835,23.51],[81.924,23.531],[81.986,23.41],[82.024,23.422],[82.022,23.387],[82.053,23.377],[82.106,23.397],[82.118,23.355],[82.193,23.325],[82.194,23.277],[82.15,23.227],[82.159,23.141],[82.123,23.103],[82.075,23.116],[82.036,23.081],[81.945,23.076],[81.948,22.957],[81.864,22.89],[81.777,22.873],[81.77,22.663],[81.748,22.648],[81.73,22.676],[81.664,22.632],[81.623,22.539],[81.526,22.54],[81.404,22.441],[81.386,22.505],[81.33,22.524],[81.311,22.481],[81.283,22.499],[81.226,22.451],[81.187,22.49],[81.117,22.441],[81.121,22.294],[81.092,22.246],[81.027,22.229],[81.023,22.132],[80.979,22.121],[81.011,22.07],[80.986,22.048],[80.958,22.113],[80.913,22.114],[80.853,21.961],[80.825,21.957],[80.848,21.856],[80.818,21.748],[80.747,21.757],[80.725,21.712],[80.737,21.473],[80.67,21.338],[80.6,21.325],[80.481,21.4],[80.411,21.376],[80.418,21.438],[80.376,21.523],[80.267,21.62],[80.195,21.634],[80.07,21.554],[80.0,21.534],[79.937,21.555],[79.922,21.524],[79.739,21.602],[79.543,21.543],[79.495,21.673],[79.355,21.678],[79.234,21.723],[79.226,21.65],[79.154,21.659],[79.094,21.598],[79.0,21.617],[78.919,21.591],[78.937,21.486],[78.798,21.489],[78.777,21.466],[78.752,21.493],[78.725,21.463],[78.514,21.527],[78.435,21.5],[78.427,21.6],[78.384,21.617],[78.366,21.577],[78.267,21.592],[78.274,21.569],[78.185,21.557],[78.174,21.497],[77.943,21.385],[77.803,21.41],[77.738,21.363],[77.709,21.357],[77.697,21.395],[77.671,21.37],[77.605,21.392],[77.588,21.363],[77.531,21.419],[77.49,21.376],[77.42,21.531],[77.461,21.554],[77.611,21.541],[77.575,21.56],[77.546,21.699],[77.479,21.769],[77.289,21.76],[77.286,21.722],[77.21,21.692],[77.174,21.725],[77.075,21.72],[76.903,21.598],[76.798,21.595],[76.765,21.52],[76.786,21.464],[76.626,21.333],[76.663,21.28],[76.625,21.191],[76.492,21.196],[76.454,21.113],[76.377,21.075],[76.173,21.083],[76.114,21.163],[76.173,21.186],[76.099,21.372],[76.053,21.35],[75.888,21.397],[75.546,21.37],[75.218,21.409],[75.113,21.457],[75.056,21.563],[74.898,21.629],[74.789,21.608],[74.553,21.682],[74.55,21.716],[74.508,21.723],[74.524,21.907],[74.445,21.969],[74.443,22.025],[74.385,22.018],[74.287,21.934],[74.193,21.924],[74.142,21.952],[74.15,21.985],[74.093,22.014],[74.177,22.085],[74.126,22.096],[74.119,22.211],[74.072,22.22],[74.068,22.359],[74.108,22.37],[74.13,22.331],[74.187,22.32],[74.203,22.366],[74.291,22.392],[74.201,22.435],[74.187,22.476],[74.183,22.442],[74.141,22.455],[74.119,22.419],[74.074,22.464],[74.081,22.507],[74.033,22.49],[74.038,22.535],[74.074,22.55],[74.15,22.516],[74.262,22.643],[74.378,22.636],[74.477,22.856],[74.449,22.922],[74.398,22.897],[74.363,22.927],[74.339,22.962],[74.368,22.978],[74.32,23.06],[74.389,23.11],[74.51,23.086],[74.668,23.199],[74.745,23.209],[74.745,23.23],[74.694,23.22],[74.721,23.24],[74.7,23.269],[74.552,23.28],[74.517,23.326],[74.612,23.459],[74.851,23.554],[74.94,23.627],[74.907,23.68],[74.941,23.732],[74.905,23.865],[74.993,24.026],[74.882,24.21],[74.908,24.238],[74.89,24.264],[74.753,24.28],[74.859,24.464],[74.712,24.508],[74.818,24.669],[74.776,24.685],[74.8,24.792],[74.894,24.652],[75.001,24.705],[75.023,24.769],[74.879,24.81],[74.85,24.789],[74.834,24.964],[74.902,24.936],[74.946,24.875],[75.045,24.856],[75.121,24.885],[75.117,24.958],[75.166,24.988],[75.161,25.042],[75.348,25.039],[75.32,24.903],[75.278,24.973],[75.295,24.919],[75.264,24.886],[75.313,24.866],[75.427,24.889],[75.419,24.86],[75.308,24.81],[75.281,24.85],[75.229,24.855],[75.252,24.892],[75.21,24.906],[75.254,24.833],[75.187,24.764],[75.219,24.719],[75.454,24.689],[75.584,24.719],[75.616,24.684],[75.763,24.761],[75.842,24.726],[75.831,24.609],[75.92,24.567],[75.928,24.529],[75.894,24.505],[75.912,24.452],[75.85,24.415],[75.794,24.471],[75.729,24.401],[75.74,24.344],[75.814,24.299],[75.829,24.242],[75.776,24.217],[75.746,24.136],[75.838,24.107],[75.836,24.071],[75.782,24.058],[75.764,23.994],[75.702,23.965],[75.671,24.03],[75.585,23.988],[75.516,24.045],[75.458,23.917],[75.559,23.859],[75.584,23.797],[75.653,23.798],[75.686,23.757],[75.689,23.815],[75.72,23.815],[75.731,23.854],[75.704,23.9],[75.779,23.85],[75.978,23.929],[75.963,24.021],[76.137,24.091],[76.124,24.192],[76.189,24.327],[76.219,24.213],[76.286,24.211],[76.338,24.25],[76.418,24.203],[76.473,24.227],[76.535,24.159],[76.583,24.176],[76.592,24.245],[76.697,24.281],[76.678,24.189],[76.705,24.167],[76.759,24.168],[76.805,24.116],[76.904,24.127],[76.949,24.202],[76.844,24.334],[76.856,24.465],[76.818,24.528],[76.917,24.539],[76.919,24.483],[76.97,24.456],[77.069,24.565],[77.031,24.706],[76.957,24.761],[76.852,24.746],[76.806,24.815],[76.954,24.868],[76.896,24.915],[76.859,25.005],[76.989,25.073],[77.12,25.064],[77.175,25.109],[77.268,25.114],[77.308,25.079],[77.404,25.108],[77.396,25.183],[77.424,25.188],[77.355,25.267],[77.375,25.32],[77.342,25.32],[77.367,25.408],[77.301,25.427],[77.226,25.368],[77.211,25.306],[77.081,25.335],[76.947,25.27],[76.898,25.317],[76.775,25.307],[76.607,25.384],[76.568,25.439],[76.488,25.713],[76.536,25.729],[76.535,25.793],[76.598,25.869],[76.662,25.906],[76.739,25.897],[76.812,25.948],[76.901,26.093],[77.098,26.186],[77.131,26.233],[77.21,26.232],[77.342,26.352],[77.44,26.359],[77.441,26.404],[77.53,26.409],[77.675,26.503],[77.821,26.549],[77.828,26.594],[77.887,26.615],[77.902,26.656],[78.0,26.697],[78.094,26.677],[78.114,26.795],[78.184,26.786],[78.176,26.826],[78.264,26.814],[78.291,26.858],[78.373,26.863]],[[79.4,25.031],[79.426,25.052],[79.364,25.142],[79.382,25.065],[79.351,25.061],[79.4,25.031]]]]}},{"type":"Feature","properties":{"ST_NM":"Maharashtra"},"geometry":{"type":"MultiPolygon","coordinates":[[[[74.448,22.007],[74.445,21.969],[74.524,21.907],[74.508,21.723],[74.55,21.716],[74.587,21.662],[74.789,21.608],[74.898,21.629],[75.056,21.563],[75.121,21.451],[75.218,21.409],[75.3,21.413],[75.3,21.387],[75.96,21.394],[76.053,21.35],[76.099,21.372],[76.173,21.186],[76.115,21.168],[76.136,21.124],[76.169,21.084],[76.283,21.073],[76.454,21.113],[76.492,21.196],[76.625,21.191],[76.663,21.28],[76.626,21.333],[76.786,21.464],[76.765,21.52],[76.798,21.595],[76.903,21.598],[77.075,21.72],[77.174,21.725],[77.21,21.692],[77.286,21.722],[77.289,21.76],[77.481,21.768],[77.546,21.699],[77.575,21.56],[77.611,21.541],[77.423,21.536],[77.49,21.376],[77.531,21.419],[77.588,21.363],[77.605,21.392],[77.671,21.37],[77.697,21.395],[77.709,21.357],[77.803,21.41],[77.943,21.385],[78.174,21.497],[78.185,21.557],[78.274,21.569],[78.267,21.592],[78.366,21.577],[78.384,21.617],[78.427,21.6],[78.435,21.5],[78.514,21.527],[78.725,21.463],[78.752,21.493],[78.777,21.466],[78.79,21.488],[78.937,21.486],[78.919,21.591],[79.0,21.617],[79.094,21.598],[79.154,21.659],[79.226,21.65],[79.234,21.723],[79.355,21.678],[79.495,21.673],[79.543,21.543],[79.739,21.602],[79.922,21.524],[79.937,21.555],[80.0,21.534],[80.07,21.554],[80.195,21.634],[80.267,21.62],[80.376,21.523],[80.418,21.438],[80.411,21.376],[80.447,21.372],[80.455,21.403],[80.523,21.391],[80.6,21.325],[80.681,21.31],[80.612,21.229],[80.464,21.173],[80.44,21.098],[80.454,21.037],[80.431,21.01],[80.462,20.933],[80.549,20.935],[80.552,20.767],[80.587,20.685],[80.488,20.619],[80.526,20.586],[80.629,20.606],[80.593,20.403],[80.625,20.336],[80.518,20.272],[80.39,20.244],[80.421,20.192],[80.401,20.146],[80.505,20.141],[80.553,20.068],[80.527,19.934],[80.451,19.955],[80.413,19.935],[80.41,19.912],[80.49,19.902],[80.505,19.872],[80.402,19.797],[80.485,19.775],[80.476,19.827],[80.55,19.822],[80.547,19.778],[80.673,19.696],[80.664,19.616],[80.835,19.566],[80.899,19.47],[80.795,19.431],[80.852,19.365],[80.757,19.291],[80.696,19.288],[80.679,19.33],[80.617,19.311],[80.575,19.405],[80.483,19.339],[80.453,19.274],[80.386,19.236],[80.394,19.193],[80.332,19.145],[80.339,19.105],[80.275,18.991],[80.272,18.939],[80.354,18.815],[80.249,18.764],[80.275,18.722],[80.254,18.706],[80.123,18.68],[79.901,18.835],[79.946,18.863],[79.94,19.033],[79.866,19.038],[79.865,19.107],[79.948,19.168],[79.927,19.23],[79.98,19.404],[79.952,19.462],[79.792,19.596],[79.646,19.577],[79.598,19.504],[79.549,19.551],[79.477,19.5],[79.25,19.614],[79.229,19.47],[79.184,19.463],[79.109,19.53],[78.96,19.553],[78.986,19.587],[78.975,19.651],[78.864,19.658],[78.85,19.76],[78.722,19.768],[78.609,19.818],[78.524,19.821],[78.499,19.794],[78.315,19.913],[78.299,19.85],[78.344,19.84],[78.372,19.782],[78.35,19.714],[78.274,19.664],[78.316,19.605],[78.284,19.559],[78.314,19.457],[78.187,19.413],[78.202,19.333],[78.175,19.237],[78.055,19.243],[77.953,19.342],[77.865,19.303],[77.91,19.268],[77.871,19.256],[77.85,19.198],[77.852,19.091],[77.806,19.103],[77.801,19.052],[77.765,19.063],[77.761,19.03],[77.771,18.983],[77.858,18.954],[77.844,18.913],[77.886,18.91],[77.947,18.824],[77.841,18.809],[77.79,18.686],[77.761,18.709],[77.732,18.666],[77.74,18.556],[77.661,18.529],[77.652,18.554],[77.601,18.549],[77.605,18.476],[77.55,18.467],[77.589,18.447],[77.529,18.429],[77.559,18.42],[77.523,18.351],[77.574,18.31],[77.513,18.309],[77.514,18.28],[77.469,18.262],[77.44,18.308],[77.362,18.312],[77.413,18.39],[77.373,18.402],[77.373,18.449],[77.345,18.432],[77.329,18.457],[77.243,18.41],[77.209,18.279],[77.173,18.282],[77.153,18.218],[77.098,18.197],[77.111,18.154],[76.956,18.186],[76.924,18.122],[76.971,18.099],[76.957,18.041],[76.92,18.035],[76.919,17.917],[76.805,17.87],[76.742,17.9],[76.739,17.859],[76.79,17.828],[76.765,17.789],[76.717,17.784],[76.729,17.739],[76.69,17.68],[76.616,17.77],[76.575,17.704],[76.575,17.762],[76.527,17.761],[76.525,17.717],[76.487,17.715],[76.49,17.662],[76.43,17.646],[76.417,17.606],[76.332,17.596],[76.367,17.524],[76.344,17.496],[76.376,17.495],[76.332,17.471],[76.334,17.434],[76.374,17.436],[76.363,17.377],[76.409,17.371],[76.383,17.314],[76.353,17.313],[76.344,17.352],[76.276,17.332],[76.245,17.376],[76.176,17.354],[76.176,17.299],[76.121,17.368],[76.079,17.332],[76.054,17.356],[75.931,17.326],[75.893,17.355],[75.887,17.419],[75.861,17.387],[75.824,17.424],[75.79,17.374],[75.736,17.423],[75.69,17.414],[75.634,17.479],[75.614,17.393],[75.577,17.384],[75.612,17.344],[75.604,17.305],[75.659,17.263],[75.627,17.172],[75.673,17.115],[75.677,17.065],[75.642,17.038],[75.671,17.037],[75.673,16.962],[75.644,16.953],[75.574,17.01],[75.569,16.965],[75.491,16.945],[75.466,16.987],[75.282,16.955],[75.283,16.88],[75.213,16.842],[75.138,16.875],[75.091,16.949],[74.934,16.942],[74.963,16.907],[74.908,16.857],[74.92,16.772],[74.693,16.717],[74.655,16.639],[74.685,16.606],[74.638,16.608],[74.631,16.577],[74.569,16.554],[74.546,16.635],[74.492,16.628],[74.471,16.662],[74.467,16.606],[74.397,16.58],[74.384,16.53],[74.317,16.553],[74.308,16.504],[74.265,16.54],[74.279,16.505],[74.246,16.497],[74.262,16.478],[74.293,16.504],[74.29,16.461],[74.332,16.454],[74.336,16.402],[74.363,16.396],[74.355,16.366],[74.319,16.381],[74.327,16.27],[74.347,16.294],[74.415,16.282],[74.508,16.203],[74.483,16.089],[74.429,16.113],[74.362,16.055],[74.465,16.043],[74.386,15.903],[74.406,15.855],[74.368,15.894],[74.338,15.854],[74.383,15.846],[74.359,15.776],[74.243,15.743],[74.221,15.788],[74.123,15.72],[74.132,15.688],[74.089,15.673],[74.115,15.647],[74.02,15.607],[73.968,15.631],[73.937,15.744],[73.874,15.751],[73.857,15.8],[73.824,15.74],[73.676,15.728],[73.659,15.749],[73.689,15.755],[73.633,15.851],[73.59,15.91],[73.508,15.943],[73.459,16.057],[73.472,16.159],[73.461,16.11],[73.386,16.335],[73.421,16.365],[73.382,16.358],[73.372,16.383],[73.47,16.415],[73.37,16.394],[73.314,16.533],[73.346,16.568],[73.324,16.603],[73.355,16.591],[73.368,16.625],[73.403,16.586],[73.392,16.627],[73.324,16.636],[73.345,16.691],[73.304,16.743],[73.293,16.883],[73.315,16.888],[73.282,16.893],[73.285,16.948],[73.295,16.975],[73.334,16.968],[73.273,16.985],[73.258,17.047],[73.312,17.077],[73.19,17.299],[73.246,17.317],[73.168,17.406],[73.204,17.439],[73.141,17.557],[73.16,17.591],[73.117,17.69],[73.138,17.719],[73.093,17.834],[73.13,17.831],[73.056,17.893],[73.007,18.016],[73.047,18.044],[72.992,18.05],[72.978,18.195],[72.932,18.214],[72.963,18.316],[72.913,18.359],[72.892,18.459],[72.904,18.536],[72.933,18.534],[72.866,18.623],[72.865,18.804],[72.808,18.896],[72.822,18.943],[72.787,18.941],[72.827,19.112],[72.78,19.154],[72.8,19.33],[72.755,19.378],[72.749,19.486],[72.713,19.54],[72.714,19.693],[72.676,19.714],[72.671,19.762],[72.723,19.819],[72.655,19.812],[72.644,19.869],[72.673,19.873],[72.65,19.942],[72.708,19.968],[72.754,19.882],[72.773,19.897],[72.762,19.979],[72.72,19.979],[72.704,20.081],[72.729,20.137],[72.824,20.145],[72.863,20.226],[72.96,20.213],[72.962,20.131],[72.983,20.114],[73.0,20.141],[73.042,20.068],[73.05,20.099],[73.171,20.052],[73.223,20.141],[73.25,20.125],[73.284,20.154],[73.302,20.207],[73.418,20.201],[73.428,20.282],[73.383,20.39],[73.493,20.54],[73.393,20.649],[73.451,20.714],[73.475,20.717],[73.49,20.653],[73.531,20.673],[73.663,20.562],[73.831,20.615],[73.816,20.693],[73.943,20.741],[73.9,20.982],[73.796,21.045],[73.811,21.084],[73.764,21.067],[73.734,21.084],[73.746,21.113],[73.653,21.108],[73.581,21.167],[73.606,21.175],[73.629,21.132],[73.816,21.171],[73.826,21.266],[73.943,21.296],[73.947,21.401],[74.042,21.417],[74.062,21.481],[74.102,21.447],[74.3,21.477],[74.331,21.539],[74.306,21.566],[74.202,21.528],[74.179,21.56],[74.062,21.558],[73.855,21.495],[73.782,21.624],[73.88,21.644],[73.891,21.699],[73.805,21.822],[74.134,21.952],[74.193,21.924],[74.282,21.933],[74.393,22.022],[74.448,22.007]],[[74.266,15.8],[74.309,15.799],[74.29,15.831],[74.26,15.827],[74.266,15.8]]]]}},{"type":"Feature","properties":{"ST_NM":"Manipur"},"geometry":{"type":"Polygon","coordinates":[[[94.576,25.642],[94.556,25.507],[94.681,25.453],[94.584,25.209],[94.744,25.13],[94.746,25.042],[94.701,24.971],[94.717,24.935],[94.636,24.835],[94.608,24.715],[94.549,24.71],[94.529,24.626],[94.401,24.481],[94.401,24.415],[94.363,24.393],[94.384,24.378],[94.324,24.333],[94.159,23.847],[94.12,23.837],[94.093,23.888],[93.951,23.945],[93.806,23.928],[93.755,24.005],[93.619,24.01],[93.601,23.965],[93.562,23.985],[93.513,23.943],[93.467,23.97],[93.423,24.068],[93.35,24.109],[93.336,24.05],[93.254,24.02],[93.247,24.082],[93.215,24.046],[93.147,24.085],[93.1,24.042],[93.078,24.1],[92.975,24.112],[93.042,24.34],[93.0,24.4],[93.038,24.408],[93.06,24.572],[93.106,24.58],[93.075,24.593],[93.104,24.672],[93.075,24.707],[93.109,24.806],[93.152,24.786],[93.197,24.808],[93.262,24.948],[93.248,25.015],[93.335,25.092],[93.403,25.259],[93.474,25.305],[93.505,25.24],[93.554,25.246],[93.607,25.198],[93.692,25.357],[93.808,25.461],[93.804,25.495],[93.765,25.495],[93.77,25.536],[93.836,25.559],[93.965,25.552],[94.014,25.591],[94.091,25.528],[94.194,25.547],[94.214,25.495],[94.308,25.488],[94.419,25.537],[94.429,25.587],[94.507,25.613],[94.572,25.692],[94.596,25.681],[94.576,25.642]]]}},{"type":"Feature","properties":{"ST_NM":"Meghalaya"},"geometry":{"type":"Polygon","coordinates":[[[91.856,26.104],[91.924,25.998],[92.18,26.078],[92.304,26.075],[92.158,25.943],[92.166,25.91],[92.227,25.905],[92.155,25.811],[92.162,25.67],[92.387,25.752],[92.435,25.729],[92.433,25.689],[92.503,25.621],[92.559,25.61],[92.573,25.558],[92.659,25.587],[92.646,25.535],[92.568,25.465],[92.599,25.469],[92.61,25.414],[92.655,25.433],[92.785,25.33],[92.765,25.247],[92.804,25.215],[92.667,25.175],[92.622,25.115],[92.525,25.138],[92.543,25.097],[92.485,25.106],[92.464,25.035],[92.425,25.03],[92.078,25.186],[91.75,25.171],[91.645,25.124],[91.604,25.146],[91.611,25.172],[91.489,25.134],[91.268,25.206],[90.872,25.159],[90.783,25.183],[90.735,25.154],[90.658,25.193],[90.447,25.143],[90.335,25.191],[90.115,25.224],[89.975,25.3],[89.838,25.295],[89.819,25.388],[89.879,25.492],[89.871,25.54],[90.022,25.608],[89.9,25.744],[89.938,25.745],[89.949,25.825],[90.006,25.842],[90.009,25.879],[90.123,25.961],[90.187,25.944],[90.369,26.01],[90.432,25.989],[90.481,26.015],[90.538,25.958],[90.516,25.896],[90.586,25.96],[90.633,25.937],[90.618,25.899],[90.69,25.95],[90.751,25.957],[90.744,25.915],[90.772,25.908],[90.813,25.952],[90.886,25.951],[90.922,25.913],[90.946,25.947],[90.971,25.887],[91.032,25.887],[91.009,25.82],[91.199,25.858],[91.183,25.776],[91.195,25.729],[91.227,25.723],[91.278,25.746],[91.336,25.838],[91.528,25.872],[91.477,25.87],[91.579,26.032],[91.635,26.021],[91.614,25.939],[91.672,25.904],[91.723,25.953],[91.734,26.058],[91.822,26.118],[91.856,26.104]]]}},{"type":"Feature","properties":{"ST_NM":"Mizoram"},"geometry":{"type":"Polygon","coordinates":[[[92.8,24.416],[92.832,24.374],[92.911,24.41],[93.023,24.387],[93.026,24.229],[92.975,24.112],[93.078,24.1],[93.1,24.042],[93.147,24.085],[93.215,24.046],[93.247,24.082],[93.254,24.02],[93.336,24.05],[93.333,23.983],[93.397,23.926],[93.403,23.758],[93.443,23.678],[93.396,23.439],[93.412,23.384],[93.364,23.351],[93.391,23.135],[93.295,23.002],[93.245,23.006],[93.192,23.057],[93.131,23.044],[93.166,22.916],[93.136,22.91],[93.097,22.807],[93.093,22.708],[93.143,22.583],[93.109,22.529],[93.188,22.424],[93.206,22.258],[93.144,22.238],[93.152,22.175],[93.044,22.195],[93.063,22.099],[93.013,22.103],[93.007,21.982],[92.953,22.028],[92.908,21.944],[92.865,22.063],[92.716,22.151],[92.691,22.076],[92.682,22.104],[92.682,22.016],[92.61,21.979],[92.565,22.128],[92.609,22.127],[92.614,22.169],[92.521,22.701],[92.456,22.817],[92.449,22.893],[92.375,22.934],[92.397,23.055],[92.357,23.234],[92.406,23.238],[92.385,23.36],[92.333,23.43],[92.259,23.813],[92.286,23.815],[92.274,23.847],[92.32,23.864],[92.331,23.91],[92.311,23.959],[92.337,24.145],[92.296,24.25],[92.422,24.251],[92.419,24.192],[92.466,24.133],[92.531,24.175],[92.55,24.244],[92.613,24.253],[92.626,24.332],[92.69,24.352],[92.765,24.518],[92.8,24.416]]]}},{"type":"Feature","properties":{"ST_NM":"Nagaland"},"geometry":{"type":"Polygon","coordinates":[[[95.215,26.931],[95.234,26.885],[95.185,26.859],[95.245,26.781],[95.216,26.729],[95.237,26.68],[95.154,26.613],[95.066,26.45],[95.135,26.381],[95.119,26.103],[95.184,26.073],[95.105,25.961],[95.02,25.902],[95.051,25.755],[94.936,25.662],[94.887,25.586],[94.903,25.56],[94.835,25.544],[94.811,25.489],[94.631,25.459],[94.556,25.507],[94.554,25.58],[94.594,25.638],[94.572,25.692],[94.507,25.613],[94.429,25.587],[94.419,25.537],[94.308,25.488],[94.214,25.495],[94.194,25.547],[94.091,25.528],[94.014,25.591],[93.965,25.552],[93.836,25.559],[93.77,25.536],[93.765,25.495],[93.804,25.495],[93.808,25.461],[93.692,25.357],[93.612,25.202],[93.554,25.246],[93.505,25.24],[93.51,25.272],[93.476,25.275],[93.456,25.321],[93.462,25.431],[93.39,25.465],[93.333,25.545],[93.5,25.653],[93.573,25.757],[93.706,25.845],[93.688,25.905],[93.773,25.962],[93.796,25.81],[93.979,25.915],[93.955,26.003],[94.005,26.169],[94.108,26.322],[94.176,26.34],[94.187,26.456],[94.277,26.554],[94.317,26.458],[94.4,26.528],[94.408,26.61],[94.463,26.631],[94.465,26.663],[94.541,26.705],[94.575,26.686],[94.6,26.733],[94.659,26.72],[94.757,26.767],[94.924,26.945],[95.022,26.92],[95.196,27.037],[95.215,26.931]]]}},{"type":"Feature","properties":{"ST_NM":"NCT of Delhi"},"geometry":{"type":"Polygon","coordinates":[[[77.094,28.869],[77.149,28.836],[77.215,28.858],[77.207,28.79],[77.295,28.707],[77.334,28.71],[77.321,28.639],[77.348,28.612],[77.304,28.561],[77.348,28.503],[77.252,28.479],[77.225,28.41],[77.175,28.403],[77.128,28.437],[77.082,28.515],[77.016,28.538],[77.015,28.509],[76.889,28.504],[76.847,28.552],[76.888,28.633],[76.944,28.632],[76.952,28.816],[77.094,28.869]]]}},{"type":"Feature","properties":{"ST_NM":"Puducherry"},"geometry":{"type":"MultiPolygon","coordinates":[[[[79.765,10.997],[79.852,10.992],[79.849,10.827],[79.811,10.855],[79.826,10.883],[79.721,10.934],[79.721,10.967],[79.763,10.959],[79.765,10.997]]],[[[75.545,11.734],[75.558,11.718],[75.528,11.72],[75.536,11.758],[75.545,11.734]]],[[[79.739,11.843],[79.808,11.832],[79.795,11.785],[79.713,11.789],[79.739,11.843]]],[[[79.629,11.882],[79.664,11.86],[79.602,11.857],[79.629,11.882]]],[[[79.628,12.03],[79.654,12.024],[79.643,11.945],[79.671,11.934],[79.642,11.901],[79.628,12.03]]],[[[79.705,12.015],[79.765,12.0],[79.731,11.982],[79.752,11.922],[79.815,11.979],[79.841,11.955],[79.808,11.834],[79.767,11.839],[79.765,11.875],[79.743,11.847],[79.711,11.888],[79.674,11.88],[79.698,11.919],[79.719,11.889],[79.74,11.906],[79.693,11.951],[79.714,11.986],[79.657,11.99],[79.694,12.033],[79.705,12.015]],[[79.771,11.894],[79.784,11.862],[79.798,11.897],[79.771,11.894]]],[[[79.859,12.008],[79.85,12.05],[79.875,12.043],[79.859,12.008]]],[[[82.221,16.739],[82.312,16.734],[82.263,16.701],[82.184,16.736],[82.227,16.763],[82.221,16.739]]]]}},{"type":"Feature","properties":{"ST_NM":"Punjab"},"geometry":{"type":"Polygon","coordinates":[[[75.885,32.488],[75.948,32.416],[75.86,32.379],[75.752,32.273],[75.638,32.235],[75.635,32.185],[75.677,32.164],[75.594,32.081],[75.705,32.061],[75.909,31.949],[75.986,31.813],[75.936,31.816],[76.168,31.412],[76.149,31.36],[76.187,31.304],[76.31,31.317],[76.351,31.35],[76.33,31.4],[76.377,31.439],[76.462,31.303],[76.445,31.28],[76.481,31.307],[76.532,31.259],[76.551,31.281],[76.549,31.252],[76.585,31.277],[76.616,31.248],[76.595,31.213],[76.64,31.224],[76.604,31.18],[76.603,31.125],[76.64,31.107],[76.624,31.001],[76.726,30.96],[76.86,30.789],[76.815,30.759],[76.764,30.793],[76.704,30.743],[76.752,30.685],[76.833,30.682],[76.848,30.652],[76.875,30.675],[76.872,30.637],[76.924,30.602],[76.898,30.536],[76.933,30.514],[76.902,30.437],[76.94,30.384],[76.893,30.355],[76.845,30.43],[76.738,30.416],[76.713,30.39],[76.751,30.356],[76.728,30.329],[76.56,30.261],[76.545,30.223],[76.596,30.253],[76.654,30.185],[76.545,30.079],[76.464,30.097],[76.422,30.199],[76.393,30.18],[76.402,30.124],[76.338,30.146],[76.361,30.124],[76.34,30.106],[76.263,30.115],[76.217,30.156],[76.201,30.133],[76.267,30.101],[76.202,30.013],[76.215,29.94],[76.178,29.925],[76.253,29.865],[76.127,29.793],[76.089,29.802],[76.052,29.745],[75.89,29.744],[75.84,29.809],[75.782,29.822],[75.717,29.806],[75.708,29.752],[75.667,29.773],[75.579,29.74],[75.455,29.805],[75.345,29.691],[75.36,29.657],[75.328,29.668],[75.29,29.608],[75.306,29.566],[75.233,29.544],[75.231,29.604],[75.168,29.661],[75.241,29.75],[75.193,29.837],[75.164,29.779],[75.1,29.805],[75.095,29.913],[75.076,29.877],[75.0,29.855],[74.926,29.948],[74.895,29.938],[74.892,29.967],[74.811,29.992],[74.701,29.969],[74.649,29.903],[74.534,29.951],[73.9,29.971],[73.904,30.048],[73.976,30.122],[73.968,30.263],[73.885,30.363],[73.972,30.434],[73.931,30.439],[73.935,30.489],[73.959,30.459],[74.013,30.532],[74.075,30.524],[74.102,30.614],[74.287,30.735],[74.264,30.773],[74.309,30.784],[74.327,30.849],[74.385,30.863],[74.373,30.896],[74.427,30.912],[74.46,30.97],[74.55,30.994],[74.566,31.054],[74.668,31.055],[74.707,31.096],[74.689,31.132],[74.634,31.138],[74.604,31.133],[74.605,31.088],[74.559,31.088],[74.556,31.123],[74.517,31.138],[74.53,31.316],[74.603,31.423],[74.652,31.417],[74.655,31.463],[74.579,31.502],[74.619,31.571],[74.486,31.722],[74.566,31.756],[74.569,31.83],[74.613,31.887],[74.821,31.955],[74.876,32.046],[74.929,32.067],[75.013,32.035],[75.131,32.084],[75.177,32.068],[75.21,32.117],[75.265,32.1],[75.331,32.218],[75.378,32.234],[75.382,32.269],[75.327,32.297],[75.341,32.344],[75.489,32.34],[75.516,32.276],[75.545,32.349],[75.714,32.409],[75.889,32.576],[75.885,32.488]]]}},{"type":"Feature","properties":{"ST_NM":"Rajasthan"},"geometry":{"type":"Polygon","coordinates":[[[73.898,29.979],[74.529,29.943],[74.515,29.907],[74.563,29.865],[74.49,29.815],[74.478,29.758],[74.615,29.752],[74.576,29.563],[74.623,29.526],[74.588,29.458],[74.538,29.449],[74.604,29.327],[74.65,29.33],[74.659,29.371],[74.765,29.355],[74.85,29.402],[74.936,29.363],[74.962,29.28],[75.049,29.285],[75.087,29.23],[75.189,29.266],[75.233,29.232],[75.329,29.291],[75.324,29.233],[75.405,29.259],[75.41,29.186],[75.37,29.14],[75.405,29.126],[75.39,29.067],[75.439,29.062],[75.444,29.014],[75.52,29.008],[75.525,28.972],[75.476,28.923],[75.564,28.611],[75.626,28.599],[75.637,28.542],[75.787,28.454],[75.779,28.404],[75.931,28.365],[76.027,28.277],[76.019,28.237],[76.101,28.151],[76.036,28.168],[75.944,28.089],[75.99,28.076],[75.992,28.046],[76.024,28.084],[76.044,28.07],[75.978,28.027],[75.998,28.006],[75.964,27.997],[75.995,27.98],[75.971,27.933],[75.931,27.929],[75.985,27.905],[75.971,27.86],[76.096,27.864],[76.181,27.803],[76.231,27.836],[76.174,27.91],[76.187,27.968],[76.163,27.994],[76.222,28.027],[76.185,28.055],[76.273,28.064],[76.305,28.021],[76.35,28.031],[76.363,28.069],[76.306,28.096],[76.364,28.124],[76.297,28.178],[76.385,28.133],[76.48,28.15],[76.506,28.102],[76.457,28.088],[76.506,28.06],[76.462,28.045],[76.547,28.034],[76.555,27.966],[76.669,28.014],[76.66,28.092],[76.8,28.152],[76.815,28.211],[76.909,28.2],[76.893,28.186],[76.971,28.139],[76.927,27.992],[76.947,27.891],[76.892,27.726],[76.923,27.695],[76.889,27.694],[76.911,27.653],[76.979,27.652],[77.003,27.737],[77.088,27.733],[77.029,27.773],[77.047,27.815],[77.134,27.771],[77.203,27.816],[77.241,27.78],[77.271,27.811],[77.307,27.792],[77.306,27.713],[77.343,27.702],[77.351,27.652],[77.32,27.606],[77.359,27.588],[77.344,27.524],[77.438,27.456],[77.444,27.391],[77.583,27.321],[77.623,27.338],[77.6,27.295],[77.681,27.195],[77.613,27.163],[77.604,27.12],[77.507,27.088],[77.529,27.062],[77.574,27.072],[77.565,27.031],[77.635,27.01],[77.682,27.046],[77.712,26.995],[77.763,27.017],[77.744,26.982],[77.43,26.861],[77.436,26.765],[77.472,26.764],[77.456,26.741],[77.501,26.761],[77.506,26.842],[77.528,26.816],[77.612,26.827],[77.724,26.876],[77.761,26.932],[77.898,26.884],[77.908,26.919],[78.022,26.903],[78.03,26.855],[78.051,26.91],[78.11,26.899],[78.123,26.949],[78.271,26.918],[78.235,26.877],[78.2,26.883],[78.222,26.843],[78.169,26.821],[78.188,26.788],[78.108,26.791],[78.124,26.749],[78.094,26.677],[78.0,26.697],[77.902,26.656],[77.887,26.615],[77.828,26.594],[77.821,26.549],[77.675,26.503],[77.53,26.409],[77.435,26.401],[77.44,26.359],[77.342,26.352],[77.21,26.232],[77.131,26.233],[77.098,26.186],[76.894,26.088],[76.812,25.948],[76.759,25.935],[76.751,25.904],[76.652,25.904],[76.632,25.866],[76.598,25.869],[76.535,25.793],[76.536,25.729],[76.488,25.713],[76.568,25.439],[76.607,25.384],[76.775,25.307],[76.898,25.317],[76.947,25.27],[77.081,25.335],[77.211,25.306],[77.226,25.368],[77.301,25.427],[77.367,25.408],[77.342,25.32],[77.375,25.32],[77.355,25.267],[77.424,25.188],[77.396,25.183],[77.404,25.108],[77.308,25.079],[77.268,25.114],[77.175,25.109],[77.12,25.064],[76.989,25.073],[76.859,25.005],[76.896,24.915],[76.954,24.868],[76.806,24.815],[76.852,24.746],[76.957,24.761],[77.031,24.706],[77.069,24.565],[76.97,24.456],[76.919,24.483],[76.917,24.539],[76.818,24.528],[76.856,24.465],[76.844,24.334],[76.949,24.202],[76.904,24.127],[76.805,24.116],[76.759,24.168],[76.705,24.167],[76.678,24.189],[76.697,24.281],[76.592,24.245],[76.583,24.176],[76.535,24.159],[76.473,24.227],[76.418,24.203],[76.338,24.25],[76.286,24.211],[76.219,24.213],[76.189,24.327],[76.124,24.192],[76.137,24.091],[75.963,24.021],[75.978,23.929],[75.779,23.85],[75.704,23.9],[75.731,23.854],[75.72,23.815],[75.689,23.815],[75.686,23.757],[75.653,23.798],[75.584,23.797],[75.559,23.859],[75.458,23.917],[75.516,24.045],[75.585,23.988],[75.671,24.03],[75.702,23.965],[75.764,23.994],[75.782,24.058],[75.836,24.071],[75.838,24.107],[75.746,24.136],[75.776,24.217],[75.829,24.242],[75.814,24.299],[75.74,24.344],[75.729,24.401],[75.794,24.471],[75.85,24.415],[75.912,24.452],[75.894,24.505],[75.928,24.529],[75.92,24.567],[75.831,24.609],[75.842,24.726],[75.763,24.761],[75.616,24.684],[75.584,24.719],[75.454,24.689],[75.219,24.719],[75.187,24.764],[75.254,24.833],[75.21,24.906],[75.252,24.892],[75.229,24.855],[75.281,24.85],[75.308,24.81],[75.419,24.86],[75.427,24.889],[75.313,24.866],[75.264,24.886],[75.295,24.919],[75.278,24.973],[75.32,24.903],[75.348,25.039],[75.161,25.042],[75.166,24.988],[75.117,24.958],[75.121,24.885],[75.045,24.856],[74.946,24.875],[74.848,24.971],[74.825,24.912],[74.85,24.789],[74.86,24.81],[75.009,24.793],[75.022,24.749],[74.995,24.749],[75.001,24.705],[74.944,24.657],[74.894,24.652],[74.8,24.792],[74.776,24.685],[74.818,24.669],[74.712,24.508],[74.859,24.464],[74.753,24.28],[74.89,24.264],[74.908,24.238],[74.882,24.21],[74.993,24.026],[74.905,23.865],[74.941,23.732],[74.907,23.68],[74.94,23.627],[74.851,23.554],[74.612,23.459],[74.517,23.326],[74.552,23.28],[74.7,23.269],[74.721,23.24],[74.694,23.22],[74.745,23.23],[74.745,23.209],[74.668,23.199],[74.51,23.086],[74.389,23.11],[74.32,23.06],[74.244,23.186],[74.205,23.19],[74.184,23.15],[74.124,23.177],[74.131,23.267],[74.042,23.294],[73.968,23.375],[73.891,23.335],[73.829,23.445],[73.78,23.433],[73.761,23.457],[73.723,23.411],[73.701,23.454],[73.629,23.451],[73.657,23.622],[73.574,23.654],[73.51,23.616],[73.505,23.702],[73.357,23.791],[73.358,23.861],[73.421,23.93],[73.37,24.127],[73.242,24.01],[73.195,24.051],[73.22,24.098],[73.11,24.138],[73.079,24.185],[73.141,24.308],[73.177,24.301],[73.228,24.364],[73.166,24.35],[73.081,24.394],[73.105,24.426],[73.091,24.495],[72.996,24.471],[72.959,24.384],[72.987,24.364],[72.917,24.327],[72.864,24.366],[72.728,24.362],[72.692,24.458],[72.539,24.508],[72.495,24.452],[72.502,24.411],[72.459,24.409],[72.437,24.506],[72.385,24.5],[72.352,24.554],[72.289,24.54],[72.245,24.582],[72.348,24.62],[72.159,24.617],[72.079,24.655],[72.073,24.703],[71.995,24.686],[71.937,24.63],[71.87,24.678],[71.851,24.607],[71.805,24.625],[71.792,24.674],[71.654,24.637],[71.609,24.675],[71.48,24.678],[71.372,24.626],[71.342,24.658],[71.289,24.613],[71.091,24.689],[70.936,24.941],[70.886,25.151],[70.665,25.398],[70.658,25.706],[70.383,25.674],[70.276,25.709],[70.099,25.935],[70.086,26.088],[70.174,26.242],[70.173,26.551],[70.064,26.6],[69.801,26.599],[69.515,26.742],[69.484,26.808],[69.515,27.014],[69.59,27.183],[70.025,27.561],[70.135,27.807],[70.374,28.012],[70.497,28.037],[70.592,28.01],[70.677,27.924],[70.687,27.828],[70.739,27.749],[70.883,27.708],[71.273,27.85],[71.659,27.876],[71.899,27.963],[71.935,28.133],[72.205,28.39],[72.302,28.673],[72.389,28.769],[72.947,29.03],[73.279,29.56],[73.4,29.941],[73.803,30.071],[73.976,30.196],[73.976,30.122],[73.904,30.048],[73.898,29.979]]]}},{"type":"Feature","properties":{"ST_NM":"Sikkim"},"geometry":{"type":"Polygon","coordinates":[[[88.654,28.099],[88.76,28.073],[88.837,28.015],[88.844,27.932],[88.889,27.893],[88.854,27.669],[88.775,27.56],[88.817,27.404],[88.929,27.326],[88.914,27.282],[88.808,27.247],[88.794,27.184],[88.74,27.137],[88.699,27.178],[88.664,27.162],[88.592,27.193],[88.528,27.178],[88.537,27.15],[88.439,27.081],[88.312,27.128],[88.191,27.135],[88.16,27.111],[88.096,27.138],[88.083,27.2],[88.017,27.219],[88.065,27.338],[88.047,27.493],[88.199,27.788],[88.177,27.821],[88.202,27.851],[88.134,27.873],[88.132,27.95],[88.397,27.977],[88.49,28.045],[88.55,28.04],[88.563,28.085],[88.625,28.103],[88.62,28.129],[88.654,28.099]]]}},{"type":"Feature","properties":{"ST_NM":"Tamil Nadu"},"geometry":{"type":"MultiPolygon","coordinates":[[[[79.327,9.297],[79.336,9.249],[79.426,9.168],[79.206,9.278],[79.315,9.325],[79.327,9.297]]],[[[79.695,11.885],[79.719,11.853],[79.765,11.875],[79.767,11.839],[79.809,11.845],[79.797,11.823],[79.73,11.838],[79.713,11.789],[79.795,11.785],[79.767,11.744],[79.759,11.564],[79.825,11.364],[79.799,11.369],[79.84,11.353],[79.857,11.013],[79.852,10.988],[79.749,11.002],[79.763,10.959],[79.72,10.953],[79.76,10.897],[79.826,10.883],[79.811,10.855],[79.85,10.823],[79.879,10.287],[79.795,10.271],[79.729,10.33],[79.704,10.329],[79.724,10.31],[79.638,10.338],[79.612,10.319],[79.776,10.275],[79.545,10.307],[79.615,10.335],[79.533,10.356],[79.519,10.312],[79.396,10.324],[79.299,10.264],[79.229,10.145],[79.263,10.036],[78.989,9.71],[78.895,9.479],[79.052,9.3],[79.188,9.281],[78.857,9.252],[78.721,9.187],[78.668,9.192],[78.651,9.155],[78.575,9.128],[78.422,9.113],[78.275,9.011],[78.213,9.048],[78.268,9.001],[78.172,8.88],[78.165,8.758],[78.199,8.788],[78.206,8.767],[78.141,8.693],[78.133,8.492],[78.067,8.416],[78.067,8.371],[77.814,8.246],[77.734,8.168],[77.589,8.141],[77.553,8.078],[77.31,8.126],[77.1,8.291],[77.141,8.331],[77.179,8.32],[77.154,8.386],[77.229,8.446],[77.205,8.501],[77.26,8.506],[77.284,8.546],[77.173,8.746],[77.233,8.784],[77.261,8.868],[77.149,9.02],[77.199,9.045],[77.269,9.152],[77.283,9.3],[77.413,9.506],[77.367,9.536],[77.357,9.604],[77.341,9.572],[77.32,9.602],[77.266,9.574],[77.167,9.615],[77.249,9.798],[77.219,9.903],[77.276,9.973],[77.202,10.105],[77.274,10.128],[77.295,10.216],[77.261,10.23],[77.236,10.349],[77.176,10.355],[76.984,10.217],[76.832,10.303],[76.842,10.593],[76.815,10.622],[76.884,10.638],[76.867,10.683],[76.909,10.779],[76.829,10.87],[76.658,10.937],[76.717,11.039],[76.803,11.05],[76.747,11.055],[76.749,11.129],[76.701,11.152],[76.736,11.217],[76.707,11.239],[76.633,11.193],[76.497,11.21],[76.462,11.187],[76.455,11.238],[76.549,11.3],[76.547,11.359],[76.457,11.389],[76.419,11.441],[76.286,11.481],[76.248,11.466],[76.233,11.571],[76.379,11.6],[76.512,11.705],[76.569,11.617],[76.755,11.618],[76.847,11.582],[76.839,11.657],[76.909,11.791],[76.969,11.773],[77.014,11.811],[77.119,11.721],[77.113,11.771],[77.252,11.811],[77.43,11.76],[77.495,11.942],[77.676,11.949],[77.778,12.119],[77.73,12.181],[77.479,12.205],[77.474,12.253],[77.617,12.369],[77.635,12.486],[77.585,12.477],[77.616,12.509],[77.588,12.516],[77.58,12.567],[77.6,12.666],[77.741,12.673],[77.808,12.792],[77.795,12.843],[77.835,12.868],[77.934,12.887],[77.919,12.831],[77.943,12.822],[77.956,12.859],[77.992,12.805],[78.025,12.855],[78.057,12.852],[78.131,12.78],[78.232,12.763],[78.238,12.725],[78.201,12.691],[78.276,12.702],[78.38,12.622],[78.467,12.623],[78.469,12.673],[78.522,12.71],[78.496,12.745],[78.559,12.696],[78.557,12.755],[78.658,12.93],[78.625,12.99],[78.663,13.029],[78.705,13.015],[78.714,13.067],[78.882,13.098],[78.894,13.031],[78.937,13.03],[78.905,13.046],[78.926,13.079],[78.994,13.088],[79.081,13.026],[79.165,13.019],[79.23,13.147],[79.28,13.153],[79.32,13.109],[79.367,13.142],[79.36,13.175],[79.436,13.2],[79.458,13.229],[79.423,13.224],[79.437,13.293],[79.387,13.315],[79.413,13.328],[79.548,13.323],[79.593,13.258],[79.681,13.294],[79.701,13.22],[79.735,13.235],[79.757,13.208],[79.798,13.236],[79.734,13.285],[79.938,13.349],[79.974,13.464],[80.049,13.498],[80.002,13.54],[80.082,13.551],[80.08,13.491],[80.126,13.507],[80.242,13.468],[80.27,13.563],[80.319,13.457],[80.281,13.428],[80.325,13.383],[80.329,13.438],[80.346,13.293],[80.26,12.937],[80.254,12.767],[80.163,12.472],[79.875,12.043],[79.85,12.05],[79.841,11.955],[79.815,11.979],[79.752,11.922],[79.731,11.982],[79.765,12.0],[79.721,11.992],[79.706,12.032],[79.662,12.011],[79.659,11.987],[79.714,11.986],[79.693,11.951],[79.74,11.906],[79.719,11.889],[79.698,11.919],[79.674,11.88],[79.695,11.885]],[[79.643,11.886],[79.602,11.883],[79.602,11.857],[79.656,11.852],[79.643,11.886]],[[79.642,11.905],[79.671,11.934],[79.643,11.945],[79.654,12.024],[79.628,12.03],[79.642,11.905]],[[79.646,11.816],[79.671,11.823],[79.649,11.844],[79.646,11.816]]]]}},{"type":"Feature","properties":{"ST_NM":"Telangana"},"geometry":{"type":"Polygon","coordinates":[[[78.341,19.884],[78.389,19.88],[78.402,19.837],[78.499,19.794],[78.524,19.821],[78.609,19.818],[78.722,19.768],[78.844,19.763],[78.864,19.658],[78.975,19.651],[78.986,19.587],[78.96,19.553],[79.109,19.53],[79.184,19.463],[79.229,19.47],[79.25,19.614],[79.477,19.5],[79.549,19.551],[79.598,19.504],[79.646,19.577],[79.792,19.596],[79.952,19.462],[79.98,19.404],[79.927,19.23],[79.948,19.168],[79.865,19.107],[79.866,19.038],[79.94,19.033],[79.948,18.881],[79.901,18.835],[79.916,18.811],[80.016,18.773],[80.118,18.681],[80.196,18.68],[80.275,18.722],[80.349,18.591],[80.496,18.632],[80.64,18.524],[80.734,18.415],[80.752,18.308],[80.796,18.26],[80.741,18.225],[80.743,18.178],[80.806,18.172],[80.838,18.24],[80.876,18.213],[80.87,18.139],[80.982,18.175],[80.952,18.088],[81.041,17.797],[81.082,17.794],[81.168,17.86],[81.272,17.818],[81.475,17.833],[81.494,17.81],[81.62,17.823],[81.672,17.885],[81.712,17.869],[81.767,17.901],[81.803,17.852],[81.585,17.734],[81.512,17.598],[81.533,17.581],[81.502,17.457],[81.443,17.384],[81.394,17.364],[81.331,17.398],[81.276,17.328],[81.19,17.331],[81.172,17.241],[81.035,17.195],[80.914,17.209],[80.922,17.154],[80.879,17.154],[80.854,17.041],[80.648,17.063],[80.665,17.096],[80.569,17.146],[80.505,17.116],[80.455,17.025],[80.404,17.085],[80.383,17.071],[80.396,17.015],[80.367,16.978],[80.497,16.925],[80.5,16.956],[80.593,16.935],[80.563,16.833],[80.613,16.796],[80.572,16.771],[80.465,16.798],[80.408,16.858],[80.382,16.819],[80.271,17.018],[80.21,17.021],[80.19,17.052],[80.142,16.993],[80.054,16.973],[80.018,16.915],[80.0,16.871],[80.078,16.821],[79.967,16.65],[79.911,16.645],[79.87,16.706],[79.819,16.698],[79.783,16.737],[79.435,16.589],[79.274,16.568],[79.233,16.515],[79.227,16.247],[79.185,16.224],[79.039,16.253],[78.949,16.217],[78.913,16.189],[78.918,16.112],[78.845,16.163],[78.844,16.094],[78.783,16.03],[78.721,16.033],[78.624,16.105],[78.566,16.063],[78.412,16.087],[78.323,16.035],[78.263,16.037],[78.245,15.935],[78.116,15.833],[78.07,15.85],[78.042,15.908],[78.008,15.865],[77.882,15.902],[77.805,15.871],[77.664,15.882],[77.514,15.926],[77.496,16.035],[77.514,16.108],[77.488,16.163],[77.516,16.222],[77.492,16.254],[77.595,16.291],[77.596,16.342],[77.499,16.38],[77.347,16.384],[77.239,16.472],[77.37,16.488],[77.42,16.522],[77.396,16.569],[77.468,16.588],[77.474,16.651],[77.421,16.667],[77.469,16.682],[77.471,16.716],[77.428,16.722],[77.442,16.787],[77.475,16.783],[77.457,16.913],[77.502,17.019],[77.467,17.107],[77.364,17.165],[77.403,17.212],[77.384,17.223],[77.458,17.279],[77.455,17.373],[77.532,17.375],[77.514,17.43],[77.615,17.447],[77.657,17.506],[77.652,17.484],[77.691,17.495],[77.596,17.536],[77.594,17.566],[77.552,17.552],[77.531,17.576],[77.505,17.544],[77.444,17.584],[77.454,17.694],[77.566,17.75],[77.511,17.795],[77.657,17.972],[77.549,18.056],[77.601,18.086],[77.568,18.203],[77.607,18.28],[77.554,18.293],[77.57,18.32],[77.523,18.351],[77.559,18.42],[77.529,18.429],[77.589,18.447],[77.55,18.467],[77.605,18.476],[77.601,18.549],[77.652,18.554],[77.661,18.529],[77.74,18.556],[77.732,18.666],[77.761,18.709],[77.79,18.686],[77.841,18.809],[77.947,18.824],[77.886,18.91],[77.844,18.913],[77.858,18.954],[77.771,18.983],[77.761,19.03],[77.765,19.063],[77.801,19.052],[77.806,19.103],[77.852,19.091],[77.85,19.198],[77.871,19.256],[77.91,19.268],[77.865,19.303],[77.953,19.342],[78.055,19.243],[78.175,19.237],[78.202,19.333],[78.187,19.413],[78.314,19.457],[78.284,19.559],[78.316,19.605],[78.274,19.664],[78.35,19.714],[78.369,19.768],[78.344,19.84],[78.299,19.85],[78.315,19.913],[78.341,19.884]]]}},{"type":"Feature","properties":{"ST_NM":"Tripura"},"geometry":{"type":"Polygon","coordinates":[[[92.221,24.501],[92.273,24.378],[92.213,24.248],[92.296,24.25],[92.337,24.145],[92.311,23.959],[92.331,23.91],[92.32,23.864],[92.274,23.847],[92.286,23.815],[92.259,23.813],[92.268,23.724],[92.224,23.653],[92.208,23.705],[92.155,23.734],[92.077,23.645],[92.012,23.663],[91.984,23.731],[91.956,23.728],[91.94,23.664],[91.979,23.482],[91.843,23.397],[91.778,23.276],[91.835,23.096],[91.727,22.994],[91.617,22.944],[91.546,22.998],[91.508,23.186],[91.416,23.282],[91.384,23.195],[91.422,23.071],[91.356,23.096],[91.295,23.32],[91.317,23.36],[91.163,23.601],[91.162,23.663],[91.203,23.645],[91.208,23.682],[91.158,23.689],[91.155,23.729],[91.228,23.745],[91.254,23.838],[91.238,23.925],[91.277,23.928],[91.285,23.98],[91.385,23.976],[91.404,24.054],[91.382,24.105],[91.602,24.078],[91.642,24.109],[91.671,24.233],[91.699,24.162],[91.761,24.139],[91.75,24.245],[91.848,24.225],[91.907,24.137],[91.944,24.258],[91.928,24.339],[91.962,24.358],[91.999,24.328],[91.975,24.383],[92.006,24.393],[92.124,24.382],[92.139,24.422],[92.172,24.422],[92.159,24.525],[92.221,24.501]]]}},{"type":"Feature","properties":{"ST_NM":"Uttar Pradesh"},"geometry":{"type":"MultiPolygon","coordinates":[[[[79.367,25.127],[79.424,25.057],[79.413,25.034],[79.359,25.04],[79.354,25.067],[79.382,25.065],[79.367,25.127]]],[[[77.598,30.404],[77.647,30.406],[77.724,30.334],[77.945,30.242],[77.833,30.088],[77.799,30.095],[77.714,29.866],[77.805,29.676],[77.964,29.7],[77.989,29.608],[77.959,29.585],[77.996,29.582],[78.0,29.54],[78.049,29.547],[78.056,29.587],[78.151,29.67],[78.244,29.698],[78.344,29.79],[78.425,29.767],[78.5,29.736],[78.53,29.633],[78.618,29.556],[78.798,29.47],[78.935,29.45],[78.882,29.386],[78.821,29.377],[78.801,29.323],[78.77,29.344],[78.726,29.311],[78.826,29.246],[78.865,29.255],[78.912,29.145],[78.974,29.161],[79.029,29.112],[79.039,29.166],[79.143,29.123],[79.17,29.017],[79.216,29.023],[79.307,28.948],[79.372,28.964],[79.413,28.926],[79.423,28.85],[79.55,28.886],[79.565,28.839],[79.625,28.863],[79.678,28.842],[79.786,28.886],[79.821,28.857],[79.795,28.799],[79.866,28.838],[79.887,28.812],[79.852,28.803],[79.913,28.796],[79.934,28.727],[79.98,28.71],[80.047,28.757],[80.07,28.829],[80.124,28.825],[80.267,28.75],[80.262,28.725],[80.372,28.633],[80.462,28.624],[80.522,28.558],[80.509,28.666],[80.583,28.684],[80.594,28.646],[80.669,28.64],[80.703,28.575],[80.767,28.568],[80.787,28.525],[80.909,28.495],[80.902,28.461],[81.011,28.449],[81.037,28.4],[81.215,28.358],[81.24,28.281],[81.32,28.202],[81.32,28.135],[81.429,28.171],[81.482,28.081],[81.7,27.989],[81.891,27.858],[81.928,27.859],[81.971,27.929],[82.075,27.924],[82.126,27.866],[82.207,27.846],[82.459,27.676],[82.714,27.728],[82.755,27.583],[82.742,27.501],[83.184,27.453],[83.312,27.329],[83.406,27.399],[83.394,27.475],[83.61,27.47],[83.84,27.366],[83.867,27.345],[83.841,27.318],[83.927,27.322],[83.908,27.256],[83.995,27.179],[83.949,27.09],[84.031,27.092],[84.001,27.066],[84.051,27.042],[84.035,26.94],[84.062,26.889],[84.15,26.885],[84.141,26.853],[84.178,26.832],[84.251,26.86],[84.243,26.737],[84.307,26.751],[84.335,26.682],[84.411,26.669],[84.424,26.625],[84.281,26.597],[84.091,26.64],[84.057,26.541],[83.911,26.515],[83.911,26.448],[84.02,26.446],[84.081,26.382],[84.18,26.372],[84.168,26.244],[84.122,26.26],[84.088,26.219],[84.02,26.238],[84.012,26.176],[84.058,26.097],[84.176,26.023],[84.175,25.989],[84.223,25.994],[84.305,25.945],[84.357,25.958],[84.436,25.889],[84.537,25.876],[84.535,25.833],[84.629,25.792],[84.609,25.759],[84.639,25.727],[84.564,25.735],[84.561,25.682],[84.544,25.725],[84.533,25.683],[84.497,25.676],[84.457,25.713],[84.41,25.698],[84.388,25.747],[84.34,25.743],[84.327,25.67],[84.294,25.66],[84.211,25.668],[84.157,25.729],[84.103,25.718],[84.085,25.636],[83.925,25.557],[83.86,25.472],[83.819,25.464],[83.847,25.435],[83.77,25.386],[83.703,25.394],[83.651,25.339],[83.548,25.316],[83.344,25.182],[83.366,25.122],[83.324,25.025],[83.352,25.009],[83.362,24.869],[83.403,24.819],[83.395,24.783],[83.49,24.734],[83.522,24.68],[83.505,24.65],[83.55,24.623],[83.506,24.526],[83.401,24.5],[83.408,24.408],[83.459,24.364],[83.384,24.314],[83.41,24.265],[83.351,24.113],[83.224,23.989],[83.197,23.92],[83.094,23.877],[82.947,23.875],[82.808,23.966],[82.805,24.004],[82.754,24.012],[82.774,24.077],[82.716,24.079],[82.665,24.133],[82.679,24.157],[82.728,24.138],[82.772,24.291],[82.769,24.371],[82.715,24.384],[82.745,24.498],[82.721,24.554],[82.809,24.551],[82.804,24.598],[82.768,24.598],[82.771,24.644],[82.703,24.642],[82.674,24.698],[82.537,24.65],[82.44,24.704],[82.41,24.682],[82.417,24.596],[82.302,24.611],[82.305,24.668],[82.238,24.667],[82.252,24.773],[82.208,24.75],[82.222,24.726],[82.181,24.737],[82.218,24.779],[82.187,24.802],[82.204,24.822],[82.12,24.79],[82.013,24.848],[81.965,24.829],[81.905,24.89],[81.907,25.007],[81.798,25.007],[81.741,25.046],[81.69,25.041],[81.667,25.076],[81.613,25.057],[81.64,25.1],[81.625,25.119],[81.61,25.097],[81.626,25.161],[81.586,25.188],[81.518,25.184],[81.533,25.14],[81.48,25.132],[81.516,25.103],[81.492,25.072],[81.409,25.104],[81.447,25.107],[81.439,25.13],[81.397,25.121],[81.338,25.169],[81.325,25.112],[81.315,25.162],[81.278,25.164],[81.27,25.065],[81.21,24.992],[81.221,24.931],[81.17,24.955],[81.141,24.889],[81.085,24.949],[80.963,24.922],[80.945,24.969],[80.911,24.936],[80.81,24.941],[80.798,24.968],[80.856,24.994],[80.835,25.035],[80.913,25.156],[80.886,25.192],[80.843,25.186],[80.836,25.106],[80.808,25.142],[80.708,25.133],[80.784,25.058],[80.682,25.05],[80.687,25.078],[80.61,25.1],[80.641,25.119],[80.603,25.151],[80.615,25.068],[80.483,25.098],[80.55,25.003],[80.46,24.983],[80.434,25.027],[80.502,25.038],[80.449,25.078],[80.374,25.054],[80.394,25.007],[80.286,25.017],[80.29,25.056],[80.353,25.054],[80.377,25.111],[80.359,25.141],[80.432,25.17],[80.407,25.239],[80.312,25.284],[80.319,25.383],[80.264,25.424],[80.253,25.4],[80.202,25.412],[80.131,25.334],[80.029,25.339],[80.005,25.264],[79.855,25.236],[79.88,25.146],[79.857,25.092],[79.753,25.139],[79.606,25.127],[79.573,25.173],[79.497,25.078],[79.468,25.092],[79.476,25.13],[79.401,25.111],[79.391,25.166],[79.45,25.208],[79.467,25.265],[79.499,25.264],[79.423,25.254],[79.375,25.289],[79.366,25.259],[79.338,25.289],[79.354,25.328],[79.312,25.335],[79.264,25.287],[79.273,25.262],[79.295,25.285],[79.352,25.259],[79.34,25.196],[79.281,25.243],[79.311,25.129],[79.268,25.117],[79.243,25.156],[79.221,25.144],[79.246,25.112],[79.192,25.146],[79.187,25.113],[79.137,25.106],[79.092,25.188],[79.029,25.138],[79.064,25.221],[79.012,25.272],[78.979,25.24],[79.003,25.191],[78.956,25.215],[78.881,25.158],[78.879,25.246],[78.977,25.28],[78.96,25.345],[78.886,25.342],[78.849,25.224],[78.819,25.295],[78.791,25.293],[78.882,25.383],[78.957,25.395],[78.9,25.37],[78.936,25.347],[78.986,25.371],[78.968,25.434],[78.911,25.442],[78.943,25.475],[78.938,25.555],[78.882,25.552],[78.884,25.519],[78.836,25.505],[78.865,25.462],[78.842,25.427],[78.837,25.461],[78.739,25.495],[78.762,25.429],[78.82,25.425],[78.75,25.408],[78.772,25.353],[78.665,25.383],[78.664,25.415],[78.709,25.424],[78.66,25.439],[78.636,25.401],[78.568,25.391],[78.583,25.347],[78.532,25.358],[78.532,25.301],[78.499,25.319],[78.434,25.284],[78.576,25.254],[78.604,25.093],[78.649,25.057],[78.629,24.96],[78.675,24.898],[78.771,24.857],[78.787,24.81],[78.756,24.6],[78.889,24.635],[78.973,24.493],[78.924,24.498],[78.915,24.462],[78.995,24.424],[78.974,24.349],[78.914,24.297],[78.885,24.219],[78.798,24.176],[78.767,24.254],[78.675,24.241],[78.585,24.353],[78.512,24.389],[78.413,24.273],[78.348,24.301],[78.331,24.33],[78.367,24.381],[78.267,24.449],[78.223,24.527],[78.265,24.554],[78.275,24.662],[78.17,24.852],[78.337,24.999],[78.334,25.084],[78.45,25.124],[78.425,25.148],[78.451,25.168],[78.392,25.19],[78.405,25.213],[78.315,25.306],[78.338,25.332],[78.302,25.37],[78.356,25.451],[78.428,25.472],[78.437,25.559],[78.589,25.559],[78.613,25.584],[78.656,25.56],[78.813,25.619],[78.819,25.669],[78.754,25.744],[78.828,25.794],[78.819,25.825],[78.87,25.794],[78.854,25.855],[78.891,25.865],[78.884,25.91],[78.937,25.944],[78.952,26.031],[79.011,26.076],[78.951,26.134],[79.009,26.149],[78.984,26.187],[79.029,26.204],[78.992,26.235],[79.065,26.227],[79.045,26.261],[79.135,26.31],[79.142,26.339],[79.085,26.357],[79.095,26.412],[79.135,26.439],[79.057,26.45],[79.07,26.498],[78.988,26.568],[79.014,26.605],[79.002,26.679],[78.947,26.657],[78.957,26.691],[78.874,26.699],[78.82,26.76],[78.724,26.794],[78.574,26.752],[78.398,26.819],[78.36,26.869],[78.285,26.855],[78.264,26.814],[78.218,26.83],[78.199,26.878],[78.271,26.918],[78.224,26.948],[78.123,26.949],[78.11,26.899],[78.051,26.91],[78.03,26.855],[78.022,26.903],[77.908,26.919],[77.898,26.884],[77.761,26.932],[77.724,26.876],[77.612,26.827],[77.528,26.816],[77.506,26.842],[77.488,26.748],[77.436,26.765],[77.43,26.861],[77.744,26.982],[77.763,27.017],[77.735,27.026],[77.722,26.992],[77.686,27.045],[77.635,27.01],[77.565,27.031],[77.574,27.072],[77.522,27.065],[77.51,27.094],[77.599,27.117],[77.613,27.163],[77.681,27.195],[77.6,27.295],[77.623,27.338],[77.583,27.321],[77.44,27.394],[77.438,27.456],[77.344,27.524],[77.359,27.588],[77.32,27.606],[77.345,27.691],[77.306,27.713],[77.313,27.782],[77.285,27.801],[77.348,27.854],[77.421,27.853],[77.421,27.891],[77.468,27.88],[77.487,27.935],[77.541,27.936],[77.519,27.968],[77.545,27.988],[77.478,28.08],[77.508,28.157],[77.552,28.176],[77.502,28.179],[77.499,28.206],[77.529,28.196],[77.551,28.242],[77.477,28.264],[77.506,28.301],[77.474,28.332],[77.504,28.353],[77.484,28.408],[77.305,28.556],[77.348,28.612],[77.321,28.639],[77.334,28.71],[77.295,28.707],[77.207,28.79],[77.228,28.83],[77.188,28.88],[77.232,28.899],[77.201,28.942],[77.225,29.001],[77.133,29.101],[77.165,29.33],[77.129,29.352],[77.158,29.385],[77.097,29.596],[77.143,29.658],[77.13,29.771],[77.164,29.788],[77.201,29.917],[77.283,30.044],[77.427,30.102],[77.436,30.164],[77.486,30.184],[77.583,30.306],[77.605,30.366],[77.576,30.4],[77.598,30.404]]]]}},{"type":"Feature","properties":{"ST_NM":"Uttarakhand"},"geometry":{"type":"Polygon","coordinates":[[[79.21,31.348],[79.265,31.289],[79.249,31.249],[79.288,31.226],[79.3,31.165],[79.397,31.113],[79.428,31.032],[79.517,31.034],[79.548,30.968],[79.605,30.937],[79.753,31.001],[79.867,30.975],[79.93,30.887],[80.059,30.838],[80.116,30.775],[80.174,30.807],[80.205,30.758],[80.239,30.759],[80.235,30.692],[80.195,30.664],[80.23,30.573],[80.415,30.526],[80.541,30.449],[80.599,30.482],[80.826,30.314],[81.034,30.247],[81.041,30.198],[80.936,30.177],[80.903,30.216],[80.875,30.131],[80.772,30.058],[80.744,30.002],[80.6,29.954],[80.495,29.795],[80.438,29.805],[80.374,29.749],[80.424,29.641],[80.414,29.598],[80.351,29.551],[80.303,29.45],[80.246,29.441],[80.317,29.323],[80.302,29.198],[80.253,29.219],[80.274,29.144],[80.152,29.105],[80.141,29.006],[80.067,28.919],[80.047,28.757],[80.0,28.711],[79.941,28.72],[79.913,28.796],[79.852,28.803],[79.887,28.812],[79.866,28.838],[79.795,28.799],[79.821,28.857],[79.786,28.886],[79.678,28.842],[79.625,28.863],[79.565,28.839],[79.55,28.886],[79.423,28.85],[79.413,28.926],[79.372,28.964],[79.307,28.948],[79.216,29.023],[79.17,29.017],[79.143,29.123],[79.039,29.166],[79.029,29.112],[78.974,29.161],[78.912,29.145],[78.865,29.255],[78.826,29.246],[78.726,29.313],[78.77,29.344],[78.801,29.323],[78.821,29.377],[78.882,29.386],[78.935,29.45],[78.706,29.503],[78.589,29.575],[78.53,29.633],[78.5,29.736],[78.344,29.79],[78.244,29.698],[78.151,29.67],[78.056,29.587],[78.049,29.547],[78.0,29.54],[77.996,29.582],[77.959,29.585],[77.989,29.608],[77.964,29.7],[77.805,29.676],[77.714,29.866],[77.799,30.095],[77.833,30.088],[77.945,30.242],[77.724,30.334],[77.647,30.406],[77.576,30.412],[77.824,30.528],[77.743,30.593],[77.796,30.614],[77.793,30.659],[77.747,30.681],[77.702,30.764],[77.758,30.825],[77.756,30.874],[77.803,30.854],[77.81,30.919],[77.76,30.918],[77.749,30.955],[77.834,30.952],[77.811,30.965],[77.84,31.003],[77.815,31.057],[77.902,31.15],[77.97,31.174],[78.029,31.15],[78.045,31.181],[78.371,31.286],[78.485,31.199],[78.611,31.231],[78.663,31.19],[78.81,31.2],[78.877,31.107],[78.957,31.1],[79.012,31.112],[78.925,31.229],[78.941,31.327],[79.007,31.359],[79.061,31.463],[79.145,31.434],[79.21,31.348]]]}},{"type":"Feature","properties":{"ST_NM":"West Bengal"},"geometry":{"type":"MultiPolygon","coordinates":[[[[88.498,21.6],[88.533,21.58],[88.531,21.542],[88.481,21.555],[88.498,21.6]]],[[[88.835,21.607],[88.904,21.556],[88.844,21.553],[88.835,21.607]]],[[[88.729,21.637],[88.757,21.6],[88.736,21.572],[88.707,21.593],[88.729,21.637]]],[[[88.537,21.639],[88.588,21.602],[88.551,21.564],[88.557,21.604],[88.51,21.601],[88.537,21.639]]],[[[88.774,21.648],[88.798,21.591],[88.75,21.577],[88.73,21.641],[88.774,21.648]]],[[[88.966,21.642],[88.993,21.642],[88.99,21.614],[88.942,21.64],[88.954,21.677],[88.966,21.642]]],[[[88.577,21.692],[88.601,21.62],[88.554,21.638],[88.577,21.692]]],[[[88.984,21.706],[89.029,21.605],[88.963,21.647],[88.951,21.701],[88.984,21.706]]],[[[88.807,21.707],[88.797,21.655],[88.731,21.684],[88.807,21.707]]],[[[88.311,21.706],[88.358,21.648],[88.315,21.608],[88.311,21.706]]],[[[88.454,21.709],[88.471,21.673],[88.441,21.615],[88.419,21.689],[88.454,21.709]]],[[[88.697,21.713],[88.751,21.648],[88.723,21.638],[88.697,21.713]]],[[[88.205,21.721],[88.195,21.683],[88.232,21.644],[88.214,21.602],[88.181,21.686],[88.205,21.721]]],[[[89.059,21.722],[89.095,21.641],[89.051,21.618],[89.01,21.708],[89.059,21.722]]],[[[88.978,21.727],[89.021,21.714],[89.008,21.652],[88.978,21.727]]],[[[88.546,21.736],[88.591,21.692],[88.543,21.724],[88.574,21.695],[88.553,21.704],[88.551,21.636],[88.517,21.71],[88.546,21.736]]],[[[88.883,21.745],[88.941,21.694],[88.921,21.632],[88.873,21.694],[88.883,21.745]]],[[[88.412,21.731],[88.432,21.627],[88.398,21.596],[88.38,21.682],[88.404,21.717],[88.369,21.728],[88.395,21.755],[88.412,21.731]]],[[[88.221,21.762],[88.271,21.755],[88.311,21.676],[88.292,21.563],[88.248,21.564],[88.216,21.616],[88.233,21.669],[88.198,21.69],[88.221,21.762]]],[[[88.927,21.762],[88.986,21.746],[88.984,21.706],[88.923,21.719],[88.927,21.762]]],[[[88.365,21.764],[88.365,21.722],[88.398,21.713],[88.361,21.686],[88.338,21.713],[88.365,21.764]]],[[[89.005,21.765],[89.059,21.726],[89.017,21.718],[89.005,21.765]]],[[[88.832,21.766],[88.865,21.76],[88.839,21.708],[88.86,21.636],[88.829,21.651],[88.846,21.62],[88.809,21.638],[88.814,21.711],[88.762,21.702],[88.832,21.766]]],[[[88.582,21.778],[88.619,21.729],[88.58,21.725],[88.582,21.778]]],[[[88.302,21.725],[88.277,21.732],[88.289,21.778],[88.302,21.725]]],[[[89.0,21.785],[89.006,21.716],[88.951,21.758],[89.0,21.785]]],[[[88.61,21.79],[88.631,21.741],[88.608,21.708],[88.623,21.737],[88.586,21.759],[88.61,21.79]]],[[[88.459,21.789],[88.467,21.736],[88.433,21.704],[88.423,21.768],[88.459,21.789]]],[[[88.716,21.807],[88.777,21.721],[88.736,21.72],[88.763,21.693],[88.729,21.687],[88.748,21.658],[88.695,21.744],[88.716,21.807]]],[[[88.545,21.81],[88.573,21.736],[88.519,21.719],[88.504,21.758],[88.535,21.792],[88.504,21.772],[88.545,21.81]]],[[[88.422,21.811],[88.443,21.8],[88.424,21.72],[88.383,21.777],[88.422,21.811]]],[[[88.828,21.804],[88.83,21.767],[88.792,21.749],[88.821,21.823],[88.828,21.804]]],[[[88.787,21.745],[88.757,21.733],[88.75,21.769],[88.781,21.825],[88.787,21.745]]],[[[88.916,21.826],[88.937,21.816],[88.897,21.752],[88.883,21.809],[88.916,21.826]]],[[[88.485,21.835],[88.499,21.81],[88.453,21.805],[88.485,21.835]]],[[[88.941,21.847],[88.975,21.814],[88.94,21.793],[88.956,21.768],[88.914,21.756],[88.941,21.847]]],[[[88.592,21.85],[88.614,21.798],[88.576,21.816],[88.592,21.85]]],[[[88.331,21.861],[88.38,21.786],[88.315,21.709],[88.311,21.796],[88.295,21.774],[88.26,21.807],[88.331,21.861]]],[[[88.856,21.865],[88.914,21.728],[88.835,21.782],[88.856,21.865]]],[[[88.137,21.875],[88.171,21.742],[88.155,21.65],[88.107,21.626],[88.041,21.649],[88.037,21.679],[88.137,21.875]]],[[[88.789,21.879],[88.83,21.862],[88.795,21.791],[88.766,21.828],[88.789,21.879]]],[[[88.979,21.893],[89.031,21.864],[88.989,21.868],[89.03,21.833],[88.97,21.775],[88.943,21.788],[88.977,21.805],[88.95,21.84],[88.979,21.893]]],[[[88.622,21.898],[88.654,21.868],[88.64,21.785],[88.595,21.853],[88.622,21.898]]],[[[88.817,21.901],[88.831,21.865],[88.8,21.871],[88.817,21.901]]],[[[88.562,21.897],[88.55,21.817],[88.531,21.85],[88.541,21.903],[88.562,21.897]]],[[[88.446,21.905],[88.49,21.858],[88.448,21.816],[88.463,21.79],[88.402,21.798],[88.393,21.829],[88.419,21.903],[88.446,21.905]]],[[[88.718,21.907],[88.781,21.859],[88.758,21.781],[88.752,21.815],[88.725,21.794],[88.704,21.826],[88.728,21.837],[88.696,21.839],[88.718,21.907]]],[[[88.64,21.922],[88.668,21.912],[88.634,21.871],[88.64,21.922]]],[[[88.837,21.918],[88.921,21.926],[88.977,21.868],[88.955,21.854],[88.943,21.885],[88.946,21.841],[88.91,21.881],[88.939,21.849],[88.888,21.812],[88.837,21.918]]],[[[88.724,21.932],[88.799,21.92],[88.808,21.884],[88.777,21.869],[88.724,21.932]]],[[[88.745,21.98],[88.801,21.927],[88.734,21.924],[88.745,21.98]]],[[[88.66,22.019],[88.716,22.001],[88.679,21.943],[88.628,21.96],[88.66,22.019]]],[[[88.141,22.026],[88.048,21.911],[88.077,22.0],[88.141,22.026]]],[[[88.813,22.019],[88.904,22.011],[88.906,21.928],[88.753,21.956],[88.752,21.985],[88.8,21.97],[88.754,21.988],[88.761,22.015],[88.813,22.019]]],[[[88.764,22.052],[88.791,22.029],[88.762,22.021],[88.764,22.052]]],[[[88.903,22.045],[88.894,22.015],[88.852,22.04],[88.903,22.045]]],[[[89.016,22.051],[89.074,22.004],[89.06,21.932],[88.999,21.95],[89.033,22.002],[88.994,21.974],[88.976,21.991],[88.999,22.007],[88.974,21.994],[88.985,22.055],[89.016,22.051]]],[[[88.812,22.061],[88.832,22.027],[88.78,22.038],[88.812,22.061]]],[[[88.871,22.079],[88.891,22.048],[88.836,22.025],[88.846,22.062],[88.819,22.063],[88.871,22.079]]],[[[88.904,22.084],[88.871,22.064],[88.87,22.087],[88.904,22.084]]],[[[88.803,22.085],[88.837,22.067],[88.748,22.057],[88.783,22.107],[88.803,22.085]]],[[[88.818,22.123],[88.868,22.083],[88.837,22.073],[88.82,22.104],[88.806,22.084],[88.818,22.123]]],[[[88.865,22.167],[88.916,22.09],[88.831,22.127],[88.865,22.167]]],[[[88.95,22.189],[88.986,22.132],[88.924,22.023],[88.946,22.0],[88.934,22.054],[88.964,22.057],[88.972,21.988],[89.014,21.979],[88.991,21.954],[89.014,21.902],[88.968,21.922],[88.977,21.946],[88.938,21.934],[88.913,21.994],[88.901,22.065],[88.94,22.129],[88.893,22.167],[88.95,22.189]]],[[[89.002,22.199],[89.05,22.132],[89.015,22.115],[89.039,22.054],[89.022,22.079],[89.026,22.053],[88.977,22.04],[88.997,22.14],[88.973,22.194],[89.002,22.199]]],[[[88.695,22.209],[88.789,22.169],[88.685,22.086],[88.737,22.03],[88.721,22.005],[88.663,22.024],[88.634,22.105],[88.695,22.209]]],[[[88.845,22.189],[88.862,22.202],[88.856,22.144],[88.778,22.112],[88.739,22.057],[88.705,22.064],[88.75,22.136],[88.807,22.179],[88.839,22.167],[88.829,22.209],[88.845,22.189]]],[[[88.932,22.225],[88.962,22.197],[88.931,22.177],[88.908,22.198],[88.932,22.225]]],[[[88.985,22.382],[88.983,22.326],[89.023,22.299],[88.994,22.285],[89.067,22.199],[89.067,22.149],[89.096,22.156],[89.062,22.128],[89.02,22.206],[88.973,22.209],[88.947,22.256],[88.967,22.408],[88.985,22.382]]],[[[88.898,22.549],[88.922,22.401],[88.899,22.367],[88.844,22.503],[88.898,22.549]]],[[[88.92,22.565],[88.96,22.549],[88.999,22.43],[88.958,22.365],[88.939,22.419],[88.943,22.31],[88.896,22.38],[88.93,22.39],[88.895,22.466],[88.895,22.56],[88.92,22.565]]],[[[88.799,26.207],[88.771,26.131],[88.768,26.234],[88.799,26.207]]],[[[88.69,26.247],[88.722,26.233],[88.72,26.176],[88.69,26.247]]],[[[88.662,26.268],[88.646,26.253],[88.641,26.285],[88.662,26.268]]],[[[88.091,27.165],[88.16,27.111],[88.285,27.131],[88.439,27.081],[88.537,27.15],[88.528,27.178],[88.599,27.194],[88.877,27.109],[88.882,26.951],[88.926,26.996],[88.969,26.924],[89.032,26.94],[89.097,26.894],[89.137,26.808],[89.258,26.816],[89.378,26.867],[89.465,26.806],[89.565,26.815],[89.65,26.781],[89.619,26.728],[89.638,26.719],[89.762,26.736],[89.78,26.699],[89.862,26.704],[89.875,26.448],[89.832,26.396],[89.862,26.384],[89.787,26.353],[89.764,26.289],[89.721,26.302],[89.742,26.271],[89.71,26.27],[89.734,26.238],[89.702,26.216],[89.737,26.212],[89.7,26.189],[89.739,26.173],[89.711,26.153],[89.677,26.202],[89.696,26.222],[89.646,26.229],[89.656,26.169],[89.597,26.161],[89.631,26.124],[89.598,26.101],[89.636,26.105],[89.653,26.068],[89.607,26.066],[89.591,25.98],[89.562,25.966],[89.542,26.008],[89.477,25.996],[89.426,26.043],[89.358,26.011],[89.263,26.066],[89.224,26.126],[89.161,26.14],[89.106,26.29],[89.137,26.317],[89.089,26.322],[89.091,26.4],[88.981,26.407],[88.968,26.459],[88.915,26.405],[88.959,26.333],[88.991,26.346],[88.998,26.299],[89.06,26.293],[89.05,26.241],[88.972,26.241],[88.907,26.288],[88.869,26.272],[88.885,26.237],[88.848,26.233],[88.801,26.309],[88.676,26.265],[88.674,26.292],[88.706,26.29],[88.68,26.32],[88.726,26.312],[88.747,26.353],[88.706,26.337],[88.705,26.389],[88.626,26.47],[88.572,26.458],[88.484,26.542],[88.437,26.547],[88.422,26.627],[88.384,26.594],[88.342,26.473],[88.36,26.448],[88.368,26.485],[88.487,26.46],[88.528,26.357],[88.464,26.373],[88.363,26.292],[88.355,26.222],[88.183,26.147],[88.162,26.102],[88.182,26.025],[88.144,26.013],[88.095,25.917],[88.114,25.796],[88.15,25.773],[88.275,25.806],[88.321,25.736],[88.456,25.663],[88.45,25.601],[88.543,25.51],[88.701,25.473],[88.803,25.522],[88.837,25.478],[88.818,25.408],[88.848,25.364],[88.888,25.326],[89.005,25.3],[89.013,25.267],[88.958,25.25],[88.964,25.211],[88.921,25.166],[88.849,25.21],[88.809,25.174],[88.689,25.21],[88.568,25.175],[88.444,25.209],[88.452,25.031],[88.398,24.944],[88.347,24.94],[88.334,24.871],[88.266,24.878],[88.231,24.956],[88.143,24.931],[88.177,24.86],[88.146,24.851],[88.14,24.802],[88.128,24.827],[88.072,24.771],[88.068,24.722],[88.013,24.669],[88.134,24.516],[88.343,24.378],[88.444,24.377],[88.556,24.298],[88.579,24.325],[88.704,24.311],[88.74,24.275],[88.749,24.139],[88.699,24.115],[88.741,24.063],[88.731,23.996],[88.763,24.01],[88.775,23.986],[88.74,23.982],[88.737,23.916],[88.58,23.862],[88.606,23.819],[88.563,23.787],[88.565,23.644],[88.597,23.637],[88.585,23.603],[88.649,23.61],[88.665,23.552],[88.746,23.483],[88.802,23.497],[88.766,23.364],[88.737,23.35],[88.749,23.312],[88.701,23.299],[88.725,23.254],[88.8,23.218],[88.822,23.253],[88.921,23.211],[88.998,23.215],[88.873,23.099],[88.877,23.007],[88.85,23.008],[88.917,22.921],[88.912,22.88],[88.971,22.845],[88.922,22.765],[88.962,22.694],[88.938,22.57],[88.843,22.509],[88.853,22.433],[88.771,22.514],[88.767,22.561],[88.768,22.513],[88.691,22.524],[88.678,22.594],[88.672,22.549],[88.778,22.507],[88.804,22.441],[88.849,22.43],[88.876,22.355],[88.82,22.36],[88.871,22.358],[88.937,22.3],[88.954,22.225],[88.901,22.224],[88.843,22.29],[88.887,22.266],[88.919,22.165],[88.872,22.171],[88.883,22.213],[88.841,22.214],[88.876,22.253],[88.839,22.216],[88.882,22.2],[88.806,22.209],[88.813,22.285],[88.826,22.241],[88.798,22.226],[88.835,22.167],[88.747,22.198],[88.789,22.26],[88.735,22.196],[88.639,22.213],[88.685,22.293],[88.666,22.339],[88.679,22.294],[88.631,22.216],[88.673,22.202],[88.62,22.109],[88.573,22.191],[88.637,22.046],[88.602,22.024],[88.596,22.067],[88.609,21.916],[88.578,21.889],[88.586,21.929],[88.55,21.921],[88.543,21.969],[88.568,21.959],[88.547,21.974],[88.571,21.904],[88.539,21.902],[88.529,21.853],[88.494,21.879],[88.526,21.93],[88.493,21.966],[88.544,21.982],[88.555,22.036],[88.543,21.983],[88.491,21.966],[88.521,21.915],[88.474,21.895],[88.443,21.99],[88.461,22.012],[88.459,21.919],[88.409,21.885],[88.374,21.969],[88.406,21.923],[88.383,21.903],[88.392,21.801],[88.355,21.821],[88.355,21.926],[88.354,21.857],[88.311,21.855],[88.31,21.878],[88.26,21.859],[88.266,21.884],[88.259,21.858],[88.314,21.845],[88.259,21.809],[88.282,21.761],[88.252,21.802],[88.283,21.758],[88.265,21.73],[88.274,21.755],[88.217,21.764],[88.163,21.879],[88.177,21.928],[88.153,21.957],[88.224,22.074],[88.204,22.166],[88.07,22.212],[88.105,22.305],[88.049,22.22],[87.985,22.245],[87.946,22.407],[87.883,22.441],[87.938,22.381],[87.94,22.26],[88.009,22.201],[88.136,22.185],[88.191,22.103],[88.062,22.013],[87.964,22.104],[88.053,22.009],[87.961,21.826],[87.707,21.645],[87.49,21.603],[87.448,21.766],[87.276,21.808],[87.239,21.959],[87.172,21.978],[87.161,21.933],[87.098,21.913],[87.099,21.865],[87.035,21.87],[87.003,21.912],[87.039,21.994],[87.022,22.046],[86.962,22.088],[86.837,22.099],[86.795,22.158],[86.721,22.148],[86.728,22.219],[86.805,22.218],[86.795,22.267],[86.805,22.245],[86.817,22.268],[86.891,22.256],[86.891,22.298],[86.834,22.328],[86.849,22.4],[86.767,22.429],[86.751,22.479],[86.804,22.502],[86.765,22.576],[86.657,22.579],[86.636,22.666],[86.545,22.724],[86.512,22.705],[86.422,22.78],[86.469,22.9],[86.438,22.926],[86.524,22.947],[86.546,22.99],[86.518,22.969],[86.503,22.993],[86.399,22.977],[86.304,23.016],[86.212,22.997],[86.142,23.086],[86.054,23.111],[86.043,23.146],[85.921,23.132],[85.839,23.195],[85.832,23.265],[85.884,23.326],[85.872,23.367],[85.902,23.373],[85.869,23.412],[85.872,23.472],[85.956,23.457],[86.047,23.492],[86.017,23.553],[86.043,23.585],[86.151,23.57],[86.152,23.475],[86.245,23.472],[86.249,23.422],[86.284,23.443],[86.306,23.422],[86.378,23.485],[86.367,23.552],[86.446,23.632],[86.534,23.631],[86.717,23.699],[86.798,23.689],[86.825,23.754],[86.798,23.833],[86.826,23.813],[86.877,23.846],[86.888,23.816],[86.901,23.882],[87.129,23.797],[87.172,23.821],[87.136,23.869],[87.241,23.855],[87.225,23.829],[87.248,23.828],[87.253,23.909],[87.276,23.875],[87.3,23.9],[87.243,24.043],[87.463,23.983],[87.439,24.01],[87.516,24.042],[87.499,24.117],[87.581,24.087],[87.613,24.131],[87.574,24.157],[87.695,24.151],[87.698,24.188],[87.643,24.213],[87.641,24.244],[87.761,24.305],[87.815,24.408],[87.79,24.416],[87.828,24.496],[87.8,24.492],[87.81,24.55],[87.775,24.583],[87.853,24.552],[87.915,24.595],[87.878,24.612],[87.907,24.614],[87.919,24.66],[87.891,24.679],[87.906,24.723],[87.823,24.767],[87.843,24.789],[87.86,24.765],[87.894,24.854],[87.979,24.897],[87.882,25.029],[87.778,25.1],[87.793,25.221],[87.842,25.2],[87.828,25.235],[87.862,25.284],[87.797,25.323],[87.766,25.411],[87.932,25.537],[88.037,25.486],[88.079,25.504],[88.027,25.587],[88.055,25.691],[87.905,25.77],[87.917,25.815],[87.89,25.829],[87.917,25.852],[87.829,25.872],[87.81,25.921],[87.836,25.936],[87.849,26.044],[87.919,26.091],[87.974,26.081],[87.971,26.152],[88.019,26.141],[88.076,26.176],[88.298,26.354],[88.244,26.375],[88.274,26.422],[88.186,26.49],[88.238,26.552],[88.152,26.511],[88.107,26.551],[88.187,26.718],[88.177,26.86],[88.123,26.947],[88.135,26.986],[87.991,27.112],[88.017,27.216],[88.069,27.211],[88.091,27.165]]]]}},{"type":"Feature","properties":{"ST_NM":"Odisha"},"geometry":{"type":"MultiPolygon","coordinates":[[[[86.084,22.534],[86.113,22.488],[86.285,22.449],[86.358,22.349],[86.439,22.305],[86.505,22.345],[86.538,22.302],[86.726,22.221],[86.721,22.148],[86.795,22.158],[86.837,22.099],[86.972,22.082],[87.031,22.033],[87.003,21.912],[87.035,21.87],[87.099,21.865],[87.098,21.913],[87.161,21.933],[87.172,21.978],[87.23,21.962],[87.276,21.808],[87.444,21.769],[87.47,21.73],[87.49,21.603],[87.41,21.545],[87.338,21.576],[87.397,21.532],[87.223,21.535],[87.07,21.462],[86.951,21.358],[86.866,21.222],[86.854,21.096],[86.98,20.822],[86.959,20.787],[86.882,20.809],[86.794,20.745],[86.987,20.772],[87.007,20.713],[86.903,20.71],[86.966,20.688],[87.057,20.715],[86.755,20.517],[86.75,20.472],[86.727,20.482],[86.712,20.395],[86.777,20.389],[86.784,20.326],[86.539,20.181],[86.382,20.001],[86.375,19.952],[86.246,19.908],[86.228,19.933],[86.212,19.888],[85.696,19.751],[85.445,19.632],[84.915,19.266],[84.769,19.08],[84.705,19.118],[84.712,19.158],[84.672,19.165],[84.668,19.131],[84.599,19.133],[84.627,19.085],[84.672,19.075],[84.62,19.064],[84.597,19.022],[84.573,19.074],[84.479,18.99],[84.422,19.023],[84.437,18.923],[84.373,18.905],[84.391,18.878],[84.359,18.892],[84.37,18.86],[84.343,18.876],[84.352,18.821],[84.32,18.788],[84.224,18.796],[84.089,18.754],[84.035,18.811],[83.895,18.814],[83.795,19.017],[83.747,18.987],[83.788,18.916],[83.75,18.932],[83.713,18.993],[83.731,19.02],[83.631,19.161],[83.586,19.058],[83.554,19.082],[83.539,19.013],[83.503,19.019],[83.513,19.073],[83.467,19.077],[83.486,19.029],[83.456,19.008],[83.463,18.954],[83.417,19.004],[83.313,18.997],[83.33,18.931],[83.367,18.963],[83.388,18.93],[83.358,18.924],[83.419,18.865],[83.274,18.765],[83.227,18.774],[83.213,18.724],[83.092,18.664],[83.084,18.612],[83.058,18.622],[83.041,18.556],[83.097,18.546],[83.024,18.453],[83.068,18.437],[83.062,18.384],[82.911,18.365],[82.893,18.421],[82.807,18.448],[82.775,18.34],[82.667,18.295],[82.635,18.237],[82.589,18.278],[82.62,18.355],[82.543,18.398],[82.562,18.446],[82.538,18.442],[82.531,18.512],[82.482,18.545],[82.37,18.418],[82.393,18.377],[82.343,18.325],[82.401,18.315],[82.315,18.204],[82.373,18.143],[82.342,18.151],[82.338,18.049],[82.275,18.057],[82.276,17.995],[82.122,18.066],[82.033,18.066],[81.712,17.869],[81.672,17.885],[81.62,17.823],[81.394,17.814],[81.402,17.893],[81.449,17.887],[81.486,17.978],[81.536,18.266],[81.667,18.318],[81.661,18.344],[81.753,18.353],[81.77,18.418],[81.866,18.52],[81.917,18.571],[81.955,18.566],[81.963,18.594],[81.894,18.657],[81.956,18.636],[81.972,18.695],[82.087,18.719],[82.09,18.763],[82.169,18.798],[82.181,18.902],[82.248,18.917],[82.202,19.067],[82.22,19.097],[82.168,19.133],[82.187,19.165],[82.159,19.264],[82.191,19.326],[82.149,19.371],[82.191,19.423],[82.127,19.429],[82.1,19.515],[82.03,19.507],[82.067,19.788],[81.988,19.8],[81.968,19.859],[81.857,19.912],[81.874,20.04],[81.952,20.106],[82.032,20.014],[82.065,20.054],[82.186,19.983],[82.238,20.003],[82.347,19.835],[82.447,19.908],[82.601,19.87],[82.593,19.776],[82.653,19.831],[82.71,19.836],[82.715,19.995],[82.606,19.991],[82.398,20.064],[82.386,20.149],[82.437,20.287],[82.401,20.34],[82.437,20.43],[82.331,20.558],[82.376,20.628],[82.343,20.762],[82.354,20.887],[82.466,20.827],[82.493,20.907],[82.63,21.04],[82.643,21.152],[82.796,21.142],[82.963,21.179],[83.127,21.105],[83.2,21.143],[83.226,21.264],[83.275,21.272],[83.277,21.378],[83.41,21.352],[83.343,21.503],[83.388,21.616],[83.448,21.652],[83.46,21.608],[83.492,21.629],[83.427,21.678],[83.491,21.744],[83.474,21.785],[83.498,21.817],[83.544,21.797],[83.538,21.835],[83.592,21.846],[83.608,21.913],[83.542,21.966],[83.541,22.046],[83.607,22.068],[83.564,22.102],[83.633,22.208],[83.76,22.245],[83.868,22.346],[84.011,22.37],[84.049,22.466],[83.983,22.504],[84.001,22.531],[84.142,22.473],[84.159,22.403],[84.296,22.34],[84.433,22.351],[84.533,22.423],[84.75,22.417],[84.759,22.445],[84.814,22.45],[84.914,22.422],[85.069,22.481],[85.08,22.352],[85.121,22.294],[85.077,22.275],[84.994,22.08],[85.05,22.114],[85.102,22.103],[85.217,22.047],[85.237,22.004],[85.306,22.111],[85.368,22.125],[85.369,22.158],[85.597,22.078],[85.651,22.094],[85.687,22.053],[85.808,22.115],[85.837,22.081],[85.794,22.081],[85.767,21.994],[85.911,21.971],[86.032,22.189],[85.976,22.247],[86.049,22.31],[85.999,22.342],[86.025,22.394],[85.964,22.48],[86.044,22.567],[86.084,22.534]]]]}}]}